-- MySQL dump 10.13  Distrib 8.0.33, for Win64 (x86_64)
--
-- Host: 127.0.0.1    Database: formula_one
-- ------------------------------------------------------
-- Server version	8.0.39

/*!40101 SET @OLD_CHARACTER_SET_CLIENT=@@CHARACTER_SET_CLIENT */;
/*!40101 SET @OLD_CHARACTER_SET_RESULTS=@@CHARACTER_SET_RESULTS */;
/*!40101 SET @OLD_COLLATION_CONNECTION=@@COLLATION_CONNECTION */;
/*!50503 SET NAMES utf8mb4 */;
/*!40103 SET @OLD_TIME_ZONE=@@TIME_ZONE */;
/*!40103 SET TIME_ZONE='+00:00' */;
/*!40014 SET @OLD_UNIQUE_CHECKS=@@UNIQUE_CHECKS, UNIQUE_CHECKS=0 */;
/*!40014 SET @OLD_FOREIGN_KEY_CHECKS=@@FOREIGN_KEY_CHECKS, FOREIGN_KEY_CHECKS=0 */;
/*!40101 SET @OLD_SQL_MODE=@@SQL_MODE, SQL_MODE='NO_AUTO_VALUE_ON_ZERO' */;
/*!40111 SET @OLD_SQL_NOTES=@@SQL_NOTES, SQL_NOTES=0 */;

--
-- Table structure for table `circuit`
--

DROP TABLE IF EXISTS `circuit`;
/*!40101 SET @saved_cs_client     = @@character_set_client */;
/*!50503 SET character_set_client = utf8mb4 */;
CREATE TABLE `circuit` (
  `circuit_id` int NOT NULL AUTO_INCREMENT COMMENT 'Primary Key',
  `grand_prix` varchar(50) DEFAULT NULL,
  `name` varchar(255) CHARACTER SET utf8mb3 COLLATE utf8mb3_unicode_ci DEFAULT NULL,
  `first_grand_prix` year DEFAULT NULL,
  `number_of_laps` int unsigned DEFAULT NULL,
  `circuit_length` varchar(20) DEFAULT NULL,
  `race_distance` varchar(20) DEFAULT NULL,
  `lap_record` varchar(50) DEFAULT NULL,
  `carbon_png` varchar(255) DEFAULT NULL,
  `circuit_avif` varchar(255) DEFAULT NULL,
  PRIMARY KEY (`circuit_id`)
) ENGINE=InnoDB AUTO_INCREMENT=26 DEFAULT CHARSET=utf8mb4 COLLATE=utf8mb4_0900_ai_ci;
/*!40101 SET character_set_client = @saved_cs_client */;

--
-- Dumping data for table `circuit`
--

/*!40000 ALTER TABLE `circuit` DISABLE KEYS */;
INSERT INTO `circuit` VALUES (1,'Sakhir','Bahrain International Circuit',2004,57,'5.412 km','308.238 km','1:31.447Pedro de la Rosa (2005)','../img/circuits/sakhir-carbon.png','../img/circuits/sakhir-circuit.avif'),(2,'Bahrain','Bahrain International Circuit',2004,57,'5.412 km','308.238 km','1:31.447Pedro de la Rosa (2005)','../img/circuits/bahrain-carbon.png','../img/circuits/bahrain-circuit.avif'),(3,'Saudi Arabia','Jeddah Corniche Circuit',2021,50,'6.174 km','308.45 km','1:30.734Lewis Hamilton (2021)','../img/circuits/saudi-arabia-carbon.png','../img/circuits/saudi-arabia-circuit.avif'),(4,'Australia','Albert Park Grand Prix Circuit',1996,58,'5.278 km','306.124 km','1:19.813Charles Leclerc (2024)','../img/circuits/australia-carbon.png','../img/circuits/australia-circuit.avif'),(5,'Japan','Suzuka Circuit',1987,53,'5.807 km','307.471 km','1:30.983Lewis Hamilton (2019)','../img/circuits/japan-carbon.png','../img/circuits/japan-circuit.avif'),(6,'China','Shanghai International Circuit',2004,56,'5.451 km','305.066 km','1:32.238Michael Schumacher (2004)','../img/circuits/china-carbon.png','../img/circuits/china-circuit.avif'),(7,'Miami','Miami International Autodrome',2022,57,'5.412 km','308.326 km','1:29.708Max Verstappen (2023)','../img/circuits/miami-carbon.png','../img/circuits/miami-circuit.avif'),(8,'Emilia-Romagna','Autodromo Internazionale Enzo e Dino Ferrari',1980,63,'4.909 km','309.049 km','1:15.484Lewis Hamilton (2020)','../img/circuits/emilia-romagna-carbon.png','../img/circuits/emilia-romagna-circuit.avif'),(9,'Monaco','Circuit de Monaco',1950,78,'3.337 km','260.286 km','1:12.909Lewis Hamilton (2021)','../img/circuits/monaco-carbon.png','../img/circuits/monaco-circuit.avif'),(10,'Canada','Circuit Gilles-Villeneuve',1978,70,'4.361 km','305.27 km','1:13.078Valtteri Bottas (2019)','../img/circuits/canada-carbon.png','../img/circuits/canada-circuit.avif'),(11,'Spain','Circuit de Barcelona-Catalunya',1991,66,'4.657 km','307.236 km','1:16.330Max Verstappen (2023)','../img/circuits/spain-carbon.png','../img/circuits/spain-circuit.avif'),(12,'Austria','Red Bull Ring',1970,71,'4.318 km','306.452 km','1:05.619Carlos Sainz (2020)','../img/circuits/austria-carbon.png','../img/circuits/austria-circuit.avif'),(13,'Great Britain','Silverstone Circuit',1950,52,'5.891 km','306.198 km','1:27.097Max Verstappen (2020)','../img/circuits/great-britain-carbon.png','../img/circuits/great-britain-circuit.avif'),(14,'Hungary','Hungaroring',1986,70,'4.381 km','306.63 km','1:16.627Lewis Hamilton (2020)','../img/circuits/hungary-carbon.png','../img/circuits/hungary-circuit.avif'),(15,'Belgium','Circuit de Spa-Francorchamps',1950,44,'7.004 km','308.052 km','1:44.701Sergio Perez (2024)','../img/circuits/belgium-carbon.png','../img/circuits/belgium-circuit.avif'),(16,'Netherlands','Circuit Zandvoort',1952,72,'4.259 km','306.587 km','1:11.097Lewis Hamilton (2021)','../img/circuits/netherlands-carbon.png','../img/circuits/netherlands-circuit.avif'),(17,'Italy','Autodromo Nazionale Monza',1950,53,'5.793 km','306.72 km','1:21.046Rubens Barrichello (2004)','../img/circuits/italy-carbon.png','../img/circuits/italy-circuit.avif'),(18,'Azerbaijan','Baku City Circuit',2016,51,'6.003 km','306.049 km','1:43.009Charles Leclerc (2019)','../img/circuits/azerbaijan-carbon.png','../img/circuits/azerbaijan-circuit.avif'),(19,'Singapore','Marina Bay Street Circuit',2008,62,'4.94 km','306.143 km','1:34.486Daniel Ricciardo (2024)','../img/circuits/singapore-carbon.png','../img/circuits/singapore-circuit.avif'),(20,'United States','Circuit of The Americas',2012,56,'5.513 km','308.405 km','1:36.169Charles Leclerc (2019)','../img/circuits/united-states-carbon.png','../img/circuits/united-states-circuit.avif'),(21,'Mexico','Autódromo Hermanos Rodríguez',1963,71,'4.304 km','305.354 km','1:17.774Valtteri Bottas (2021)','../img/circuits/mexico-carbon.png','../img/circuits/mexico-circuit.avif'),(22,'Brazil','Autódromo José Carlos Pace',1973,71,'4.309 km','305.879 km','1:10.540Valtteri Bottas (2018)','../img/circuits/brazil-carbon.png','../img/circuits/brazil-circuit.avif'),(23,'Las Vegas','Las Vegas Strip Circuit',2023,50,'6.201 km','309.958 km','1:35.490Oscar Piastri (2023)','../img/circuits/las-vegas-carbon.png','../img/circuits/las-vegas-circuit.avif'),(24,'Qatar','Lusail International Circuit',2021,57,'5.419 km','308.611 km','1:24.319Max Verstappen (2023)','../img/circuits/qatar-carbon.png','../img/circuits/qatar-circuit.avif'),(25,'Abu Dhabi','Yas Marina Circuit',2009,58,'5.281 km','306.183 km','1:26.103Max Verstappen (2021)','../img/circuits/abu-dhabi-carbon.png','../img/circuits/abu-dhabi-circuit.avif');
/*!40000 ALTER TABLE `circuit` ENABLE KEYS */;

--
-- Table structure for table `driver`
--

DROP TABLE IF EXISTS `driver`;
/*!40101 SET @saved_cs_client     = @@character_set_client */;
/*!50503 SET character_set_client = utf8mb4 */;
CREATE TABLE `driver` (
  `driver_id` int NOT NULL AUTO_INCREMENT COMMENT 'Primary Key',
  `name` varchar(50) CHARACTER SET utf8mb4 COLLATE utf8mb4_0900_ai_ci NOT NULL,
  `team_id` int NOT NULL,
  `country` varchar(20) CHARACTER SET utf8mb4 COLLATE utf8mb4_0900_ai_ci DEFAULT NULL,
  `podiums` int unsigned DEFAULT NULL,
  `points` float unsigned DEFAULT NULL,
  `grands_prix_entered` int unsigned DEFAULT NULL,
  `world_championships` int unsigned DEFAULT NULL,
  `highest_race_finish` varchar(20) CHARACTER SET utf8mb4 COLLATE utf8mb4_0900_ai_ci DEFAULT NULL,
  `highest_grid_position` int unsigned DEFAULT NULL,
  `date_of_birth` varchar(255) DEFAULT NULL,
  `place_of_birth` varchar(50) CHARACTER SET utf8mb4 COLLATE utf8mb4_0900_ai_ci DEFAULT NULL,
  `position` varchar(50) CHARACTER SET utf8mb4 COLLATE utf8mb4_0900_ai_ci DEFAULT NULL,
  `position_png` varchar(255) DEFAULT NULL,
  `transparent_profile_png` varchar(255) CHARACTER SET utf8mb4 COLLATE utf8mb4_0900_ai_ci DEFAULT NULL,
  `profile_avif` varchar(255) CHARACTER SET utf8mb4 COLLATE utf8mb4_0900_ai_ci DEFAULT NULL,
  PRIMARY KEY (`driver_id`),
  KEY `team_id` (`team_id`),
  CONSTRAINT `driver_ibfk_1` FOREIGN KEY (`team_id`) REFERENCES `team` (`team_id`)
) ENGINE=InnoDB AUTO_INCREMENT=24 DEFAULT CHARSET=utf8mb4 COLLATE=utf8mb4_0900_ai_ci;
/*!40101 SET character_set_client = @saved_cs_client */;

--
-- Dumping data for table `driver`
--

/*!40000 ALTER TABLE `driver` DISABLE KEYS */;
INSERT INTO `driver` VALUES (1,'Max Verstappen',2,'Netherlands',109,2917.5,203,3,'1 (x61)',1,'30/09/1997','Hasselt, Belgium','Driver Racing Number 1','../img/drivers/position/max-verstappen-position.png','../img/drivers/profile/max-verstappen.png','../img/drivers/profile/max-verstappen.avif'),(2,'Lando Norris',1,'United Kingdom',24,912,122,0,'1 (x3)',1,'13/11/1999','Bristol, England','Driver Racing Number 4','../img/drivers/position/lando-norris-position.png','../img/drivers/profile/lando-norris.png','../img/drivers/profile/lando-norris.avif'),(3,'Charles Leclerc',3,'Monaco',39,1319,143,0,'1 (x7)',1,'16/10/1997','Monte Carlo, Monaco','Driver Racing Number 16','../img/drivers/position/charles-leclerc-position.png','../img/drivers/profile/charles-leclerc.png','../img/drivers/profile/charles-leclerc.avif'),(4,'Oscar Piastri',1,'Australia',9,334,40,0,'1 (x2)',2,'6/4/2001','Melbourne, Victoria','Driver Racing Number 81','../img/drivers/position/oscar-piastri-position.png','../img/drivers/profile/oscar-piastri.png','../img/drivers/profile/oscar-piastri.avif'),(5,'Carlos Sainz',3,'Spain',23,1172.5,202,0,'1 (x3)',1,'1/9/1994','Madrid, Spain','Driver Racing Number 55','../img/drivers/position/carlos-sainz-position.png','../img/drivers/profile/carlos-sainz.png','../img/drivers/profile/carlos-sainz.avif'),(6,'Lewis Hamilton',4,'United Kingdom',201,4813.5,350,7,'1 (x105)',1,'7/1/1985','Stevenage, England','Driver Racing Number 44','../img/drivers/position/lewis-hamilton-position.png','../img/drivers/profile/lewis-hamilton.png','../img/drivers/profile/lewis-hamilton.avif'),(7,'George Russell',4,'United Kingdom',14,624,122,0,'1 (x2)',1,'15/02/1998','King\'s Lynn, England','Driver Racing Number 63','../img/drivers/position/george-russell-position.png','../img/drivers/profile/george-russell.png','../img/drivers/profile/george-russell.avif'),(8,'Sergio Perez',2,'Mexico',39,1630,276,0,'1 (x6)',1,'26/01/1990','Guadalajara, Mexico','Driver Racing Number 11','../img/drivers/position/sergio-perez-position.png','../img/drivers/profile/sergio-perez.png','../img/drivers/profile/sergio-perez.avif'),(9,'Fernando Alonso',5,'Spain',106,2329,398,2,'1 (x32)',1,'29/07/1981','Oviedo, Spain','Driver Racing Number 14','../img/drivers/position/fernando-alonso-position.png','../img/drivers/profile/fernando-alonso.png','../img/drivers/profile/fernando-alonso.avif'),(10,'Nico Hulkenberg',7,'Germany',0,554,224,0,'4 (x3)',1,'19/08/1987','Emmerich am Rhein, Germany','Driver Racing Number 27','../img/drivers/position/nico-hulkenberg-position.png','../img/drivers/profile/nico-hulkenberg.png','../img/drivers/profile/nico-hulkenberg.avif'),(11,'Lance Stroll',5,'Canada',3,292,161,0,'3 (x3)',1,'29/10/1998','Montreal, Canada','Driver Racing Number 18','../img/drivers/position/lance-stroll-position.png','../img/drivers/profile/lance-stroll.png','../img/drivers/profile/lance-stroll.avif'),(12,'Yuki Tsunoda',6,'Japan',0,83,84,0,'4 (x1)',6,'11/5/2000','Sagamihara, Japan','Driver Racing Number 22','../img/drivers/position/yuki-tsunoda-position.png','../img/drivers/profile/yuki-tsunoda.png','../img/drivers/profile/yuki-tsunoda.avif'),(13,'Alexander Albon',8,'Thailand',2,240,99,0,'3 (x2)',4,'23/03/1996','London, England','Driver Racing Number 23','../img/drivers/position/alexander-albon-position.png','../img/drivers/profile/alexander-albon.png','../img/drivers/profile/alexander-albon.avif'),(14,'Daniel Ricciardo',6,'Australia',32,1329,257,0,'1 (x8)',1,'1/7/1989','Perth, Australia','Driver Racing Number 3','../img/drivers/position/daniel-ricciardo-position.png','../img/drivers/profile/daniel-ricciardo.png','../img/drivers/profile/daniel-ricciardo.avif'),(15,'Pierre Gasly',9,'France',4,402,148,0,'1 (x1)',2,'7/2/1996','Rouen, France','Driver Racing Number 10','../img/drivers/position/pierre-gasly-position.png','../img/drivers/profile/pierre-gasly.png','../img/drivers/profile/pierre-gasly.avif'),(16,'Oliver Bearman',7,'United Kingdom',0,7,2,0,'7 (x1)',10,'8/5/2005','Chelmsford, England','Driver Racing Number 50','../img/drivers/position/oliver-bearman-position.png','../img/drivers/profile/oliver-bearman.png','../img/drivers/profile/oliver-bearman.avif'),(17,'Kevin Magnussen',7,'Denmark',1,192,181,0,'2 (x1)',4,'5/10/1992','Roskilde, Denmark','Driver Racing Number 20','../img/drivers/position/kevin-magnussen-position.png','../img/drivers/profile/kevin-magnussen.png','../img/drivers/profile/kevin-magnussen.avif'),(18,'Esteban Ocon',9,'France',3,427,151,0,'1 (x1)',3,'17/09/1996','Évreux, Normandy','Driver Racing Number 31','../img/drivers/position/esteban-ocon-position.png','../img/drivers/profile/esteban-ocon.png','../img/drivers/profile/esteban-ocon.avif'),(19,'Franco Colapinto',8,'Argentina',0,4,3,0,'8 (x1)',8,'27/05/2003','Buenos Aires, Argentina','Driver Racing Number 43','../img/drivers/position/franco-colapinto-position.png','../img/drivers/profile/franco-colapinto.png','../img/drivers/profile/franco-colapinto.avif'),(20,'Zhou Guanyu',10,'China',0,12,62,0,'8 (x1)',5,'30/05/1999','Shanghai, China','Driver Racing Number 24','../img/drivers/position/zhou-guanyu-position.png','../img/drivers/profile/zhou-guanyu.png','../img/drivers/profile/zhou-guanyu.avif'),(21,'Logan Sargeant',8,'0',0,0,0,0,'0',0,'0','0','Driver Racing Number 2','../img/drivers/position/logan-sargeant-position.png','../img/drivers/profile/logan-sargeant.png','../img/drivers/profile/logan-sargeant.avif'),(22,'Valtteri Bottas',10,'Finland',67,1797,240,0,'1 (x10)',1,'28/08/1989','Nastola, Finland','Driver Racing Number 77','../img/drivers/position/valtteri-bottas-position.png','../img/drivers/profile/valtteri-bottas.png','../img/drivers/profile/valtteri-bottas.avif'),(23,'Liam Lawson',6,'New Zealand',0,2,5,0,'9 (x1)',10,'11/2/2002','Hastings, New Zealand','Driver Racing Number 30','../img/drivers/position/liam-lawson-position.png','../img/drivers/profile/liam-lawson.png','../img/drivers/profile/liam-lawson.avif');
/*!40000 ALTER TABLE `driver` ENABLE KEYS */;

--
-- Table structure for table `fastest_lap_result`
--

DROP TABLE IF EXISTS `fastest_lap_result`;
/*!40101 SET @saved_cs_client     = @@character_set_client */;
/*!50503 SET character_set_client = utf8mb4 */;
CREATE TABLE `fastest_lap_result` (
  `fastest_lap_id` int NOT NULL AUTO_INCREMENT COMMENT 'Primary Key',
  `schedule_id` int DEFAULT NULL,
  `driver_id` int DEFAULT NULL,
  `car` varchar(50) CHARACTER SET utf8mb4 COLLATE utf8mb4_0900_ai_ci DEFAULT NULL,
  `laps` int unsigned DEFAULT NULL,
  `time_of_day` varchar(20) CHARACTER SET utf8mb4 COLLATE utf8mb4_0900_ai_ci DEFAULT NULL,
  `time` varchar(20) CHARACTER SET utf8mb4 COLLATE utf8mb4_0900_ai_ci DEFAULT NULL,
  `avg_speed` varchar(20) CHARACTER SET utf8mb4 COLLATE utf8mb4_0900_ai_ci DEFAULT NULL,
  PRIMARY KEY (`fastest_lap_id`),
  KEY `schedule_id` (`schedule_id`),
  KEY `driver_id` (`driver_id`),
  CONSTRAINT `fastest_lap_result_ibfk_1` FOREIGN KEY (`schedule_id`) REFERENCES `schedule` (`schedule_id`),
  CONSTRAINT `fastest_lap_result_ibfk_2` FOREIGN KEY (`driver_id`) REFERENCES `driver` (`driver_id`)
) ENGINE=InnoDB AUTO_INCREMENT=352 DEFAULT CHARSET=utf8mb4 COLLATE=utf8mb4_0900_ai_ci;
/*!40101 SET character_set_client = @saved_cs_client */;

--
-- Dumping data for table `fastest_lap_result`
--

/*!40000 ALTER TABLE `fastest_lap_result` DISABLE KEYS */;
INSERT INTO `fastest_lap_result` VALUES (1,2,1,'Red Bull Racing Honda RBPT',39,'19:07:00','1:32.608','210.383'),(2,2,3,'Ferrari',36,'19:02:45','1:34.090','207.069'),(3,2,9,'Aston Martin Aramco Mercedes',48,'19:22:26','1:34.199','206.83'),(4,2,8,'Red Bull Racing Honda RBPT',40,'19:08:53','1:34.364','206.468'),(5,2,2,'McLaren Mercedes',35,'19:01:12','1:34.476','206.223'),(6,2,5,'Ferrari',44,'19:15:15','1:34.507','206.156'),(7,2,6,'Mercedes',39,'19:07:38','1:34.722','205.688'),(8,2,21,'Williams Mercedes',42,'19:14:58','1:34.735','205.659'),(9,2,15,'Alpine Renault',45,'19:18:28','1:34.805','205.508'),(10,2,10,'Haas Ferrari',46,'19:19:49','1:34.834','205.445'),(11,2,4,'McLaren Mercedes',39,'19:07:42','1:34.983','205.123'),(12,2,7,'Mercedes',40,'19:09:04','1:35.065','204.946'),(13,2,14,'RB Honda RBPT',37,'19:05:08','1:35.163','204.735'),(14,2,20,'Kick Sauber Ferrari',30,'18:53:34','1:35.458','204.102'),(15,2,17,'Haas Ferrari',34,'19:00:11','1:35.570','203.863'),(16,2,11,'Aston Martin Aramco Mercedes',30,'18:53:35','1:35.632','203.73'),(17,2,13,'Williams Mercedes',40,'19:09:57','1:35.723','203.537'),(18,2,12,'RB Honda RBPT',37,'19:04:59','1:35.833','203.303'),(19,2,22,'Kick Sauber Ferrari',33,'18:59:37','1:36.202','202.523'),(20,2,18,'Alpine Renault',34,'19:00:21','1:36.226','202.473'),(21,3,3,'Ferrari',50,'21:25:00','1:31.632','242.561'),(22,3,6,'Mercedes',38,'21:07:01','1:31.746','242.26'),(23,3,1,'Red Bull Racing Honda RBPT',50,'21:24:42','1:31.773','242.188'),(24,3,2,'McLaren Mercedes',40,'21:10:04','1:31.944','241.738'),(25,3,16,'Ferrari',50,'21:25:24','1:32.186','241.103'),(26,3,20,'Kick Sauber Ferrari',49,'21:25:11','1:32.208','241.046'),(27,3,7,'Mercedes',42,'21:12:58','1:32.254','240.926'),(28,3,8,'Red Bull Racing Honda RBPT',37,'21:04:47','1:32.273','240.876'),(29,3,13,'Williams Mercedes',50,'21:26:10','1:32.307','240.787'),(30,3,4,'McLaren Mercedes',45,'21:17:31','1:32.310','240.779'),(31,3,17,'Haas Ferrari',47,'21:21:26','1:32.338','240.706'),(32,3,10,'Haas Ferrari',49,'21:24:26','1:32.366','240.633'),(33,3,9,'Aston Martin Aramco Mercedes',43,'21:14:30','1:32.387','240.579'),(34,3,22,'Kick Sauber Ferrari',49,'21:25:05','1:32.706','239.751'),(35,3,21,'Williams Mercedes',49,'21:24:49','1:33.026','238.926'),(36,3,14,'RB Honda RBPT',47,'21:21:43','1:33.323','238.166'),(37,3,18,'Alpine Renault',48,'21:23:12','1:33.481','237.763'),(38,3,12,'RB Honda RBPT',44,'21:16:58','1:33.523','237.657'),(39,3,11,'Aston Martin Aramco Mercedes',5,'20:12:04','1:35.560','232.591'),(40,4,3,'Ferrari',56,'16:20:30','1:19.813','238.066'),(41,4,2,'McLaren Mercedes',49,'16:11:12','1:19.915','237.762'),(42,4,5,'Ferrari',48,'16:09:42','1:20.031','237.418'),(43,4,4,'McLaren Mercedes',54,'16:18:04','1:20.199','236.92'),(44,4,7,'Mercedes',53,'16:17:14','1:20.284','236.669'),(45,4,8,'Red Bull Racing Honda RBPT',47,'16:08:52','1:20.388','236.363'),(46,4,9,'Aston Martin Aramco Mercedes',52,'16:15:52','1:20.493','236.055'),(47,4,11,'Aston Martin Aramco Mercedes',49,'16:12:01','1:20.930','234.78'),(48,4,17,'Haas Ferrari',44,'16:05:23','1:21.082','234.34'),(49,4,15,'Alpine Renault',51,'16:15:20','1:21.090','234.317'),(50,4,12,'RB Honda RBPT',46,'16:08:01','1:21.134','234.19'),(51,4,10,'Haas Ferrari',46,'16:08:02','1:21.145','234.158'),(52,4,14,'RB Honda RBPT',46,'16:08:12','1:21.239','233.887'),(53,4,20,'Kick Sauber Ferrari',49,'16:12:44','1:21.327','233.634'),(54,4,18,'Alpine Renault',45,'16:07:18','1:21.354','233.557'),(55,4,22,'Kick Sauber Ferrari',48,'16:11:19','1:21.422','233.361'),(56,4,13,'Williams Mercedes',46,'16:08:08','1:21.618','232.801'),(57,4,6,'Mercedes',11,'15:18:57','1:22.444','230.469'),(58,4,1,'Red Bull Racing Honda RBPT',3,'15:07:26','1:23.115','228.608'),(59,5,1,'Red Bull Racing Honda RBPT',50,'15:53:20','1:33.706','223.093'),(60,5,5,'Ferrari',46,'15:47:21','1:33.841','222.772'),(61,5,8,'Red Bull Racing Honda RBPT',35,'15:29:48','1:33.945','222.525'),(62,5,6,'Mercedes',41,'15:39:55','1:33.952','222.509'),(63,5,7,'Mercedes',39,'15:36:37','1:34.404','221.444'),(64,5,9,'Aston Martin Aramco Mercedes',53,'15:58:49','1:34.726','220.691'),(65,5,4,'McLaren Mercedes',35,'15:30:07','1:34.802','220.514'),(66,5,21,'Williams Mercedes',43,'15:44:56','1:34.900','220.286'),(67,5,3,'Ferrari',53,'15:58:31','1:35.044','219.952'),(68,5,2,'McLaren Mercedes',51,'15:55:23','1:35.186','219.624'),(69,5,10,'Haas Ferrari',52,'15:58:12','1:35.325','219.304'),(70,5,11,'Aston Martin Aramco Mercedes',41,'15:40:30','1:35.798','218.221'),(71,5,18,'Alpine Renault',52,'15:58:46','1:36.232','217.237'),(72,5,12,'RB Honda RBPT',51,'15:56:28','1:36.342','216.989'),(73,5,22,'Kick Sauber Ferrari',25,'15:14:21','1:36.608','216.392'),(74,5,15,'Alpine Renault',48,'15:52:25','1:36.642','216.315'),(75,5,17,'Haas Ferrari',24,'15:12:43','1:36.654','216.289'),(76,5,20,'Kick Sauber Ferrari',9,'14:47:44','1:37.160','215.162'),(77,6,9,'Aston Martin Aramco Mercedes',45,'16:26:55','1:37.810','200.629'),(78,6,1,'Red Bull Racing Honda RBPT',33,'16:06:26','1:38.406','199.414'),(79,6,20,'Kick Sauber Ferrari',42,'16:22:15','1:38.633','198.955'),(80,6,2,'McLaren Mercedes',33,'16:06:27','1:38.751','198.717'),(81,6,15,'Alpine Renault',40,'16:18:50','1:39.198','197.822'),(82,6,3,'Ferrari',33,'16:06:29','1:39.384','197.452'),(83,6,8,'Red Bull Racing Honda RBPT',33,'16:06:30','1:39.388','197.444'),(84,6,11,'Aston Martin Aramco Mercedes',37,'16:14:01','1:39.444','197.333'),(85,6,4,'McLaren Mercedes',18,'15:34:44','1:39.739','196.749'),(86,6,5,'Ferrari',19,'15:36:29','1:39.764','196.7'),(87,6,7,'Mercedes',39,'16:16:37','1:40.112','196.016'),(88,6,13,'Williams Mercedes',34,'16:08:20','1:40.790','194.697'),(89,6,10,'Haas Ferrari',32,'16:04:55','1:40.815','194.649'),(90,6,6,'Mercedes',34,'16:08:18','1:40.835','194.61'),(91,6,18,'Alpine Renault',33,'16:06:38','1:40.937','194.414'),(92,6,14,'RB Honda RBPT',16,'15:31:36','1:40.994','194.304'),(93,6,21,'Williams Mercedes',14,'15:28:17','1:41.000','194.293'),(94,6,17,'Haas Ferrari',45,'16:27:03','1:41.077','194.145'),(95,6,22,'Kick Sauber Ferrari',11,'15:22:56','1:41.276','193.763'),(96,6,12,'RB Honda RBPT',11,'15:23:00','1:41.593','193.158'),(97,7,4,'McLaren Mercedes',43,'17:13:35','1:30.634','214.965'),(98,7,13,'Williams Mercedes',55,'17:32:26','1:30.849','214.456'),(99,7,8,'Red Bull Racing Honda RBPT',55,'17:31:25','1:30.855','214.442'),(100,7,5,'Ferrari',55,'17:31:22','1:30.928','214.27'),(101,7,2,'McLaren Mercedes',55,'17:31:10','1:30.980','214.148'),(102,7,3,'Ferrari',56,'17:32:51','1:31.084','213.903'),(103,7,6,'Mercedes',54,'17:29:55','1:31.233','213.554'),(104,7,1,'Red Bull Racing Honda RBPT',48,'17:20:37','1:31.261','213.488'),(105,7,11,'Aston Martin Aramco Mercedes',57,'17:34:58','1:31.588','212.726'),(106,7,12,'RB Honda RBPT',55,'17:31:35','1:31.682','212.508'),(107,7,9,'Aston Martin Aramco Mercedes',55,'17:31:46','1:31.727','212.404'),(108,7,17,'Haas Ferrari',33,'16:58:09','1:31.774','212.295'),(109,7,7,'Mercedes',43,'17:13:13','1:31.921','211.955'),(110,7,10,'Haas Ferrari',56,'17:33:22','1:31.941','211.909'),(111,7,20,'Kick Sauber Ferrari',56,'17:33:30','1:31.991','211.794'),(112,7,18,'Alpine Renault',51,'17:25:39','1:32.037','211.688'),(113,7,15,'Alpine Renault',56,'17:33:26','1:32.055','211.647'),(114,7,22,'Kick Sauber Ferrari',55,'17:32:00','1:32.098','211.548'),(115,7,14,'RB Honda RBPT',57,'17:35:04','1:32.122','211.493'),(116,7,21,'Williams Mercedes',15,'16:27:27','1:33.452','208.483'),(117,8,7,'Mercedes',54,'16:17:28','1:18.589','224.871'),(118,8,9,'Aston Martin Aramco Mercedes',62,'16:29:56','1:19.004','223.689'),(119,8,8,'Red Bull Racing Honda RBPT',52,'16:14:50','1:19.686','221.775'),(120,8,4,'McLaren Mercedes',25,'15:37:45','1:19.907','221.162'),(121,8,3,'Ferrari',27,'15:40:25','1:19.935','221.084'),(122,8,2,'McLaren Mercedes',54,'16:16:38','1:19.994','220.921'),(123,8,5,'Ferrari',63,'16:29:04','1:20.220','220.299'),(124,8,6,'Mercedes',43,'16:02:17','1:20.331','219.994'),(125,8,1,'Red Bull Racing Honda RBPT',38,'15:55:03','1:20.366','219.898'),(126,8,11,'Aston Martin Aramco Mercedes',58,'16:23:11','1:20.570','219.342'),(127,8,12,'RB Honda RBPT',14,'15:22:58','1:20.936','218.35'),(128,8,17,'Haas Ferrari',58,'16:23:41','1:21.009','218.153'),(129,8,20,'Kick Sauber Ferrari',37,'15:55:04','1:21.016','218.134'),(130,8,21,'Williams Mercedes',55,'16:19:52','1:21.229','217.562'),(131,8,13,'Williams Mercedes',48,'16:12:08','1:21.274','217.442'),(132,8,18,'Alpine Renault',37,'15:54:52','1:21.304','217.361'),(133,8,15,'Alpine Renault',10,'15:17:37','1:21.371','217.183'),(134,8,22,'Kick Sauber Ferrari',11,'15:19:01','1:21.455','216.959'),(135,8,14,'RB Honda RBPT',13,'15:21:40','1:21.569','216.655'),(136,8,10,'Haas Ferrari',3,'15:07:28','1:21.700','216.308'),(137,9,6,'Mercedes',63,'17:07:47','1:14.165','161.979'),(138,9,1,'Red Bull Racing Honda RBPT',58,'17:01:25','1:14.569','161.101'),(139,9,20,'Kick Sauber Ferrari',75,'17:26:04','1:14.718','160.78'),(140,9,12,'RB Honda RBPT',77,'17:27:06','1:14.720','160.776'),(141,9,5,'Ferrari',62,'17:06:08','1:14.726','160.763'),(142,9,3,'Ferrari',71,'17:17:29','1:15.162','159.83'),(143,9,7,'Mercedes',73,'17:20:21','1:15.228','159.69'),(144,9,21,'Williams Mercedes',62,'17:08:29','1:15.525','159.062'),(145,9,15,'Alpine Renault',77,'17:27:26','1:15.625','158.852'),(146,9,2,'McLaren Mercedes',64,'17:08:42','1:15.742','158.606'),(147,9,4,'McLaren Mercedes',73,'17:20:10','1:16.281','157.486'),(148,9,22,'Kick Sauber Ferrari',17,'16:07:57','1:16.561','156.91'),(149,9,11,'Aston Martin Aramco Mercedes',59,'17:04:16','1:16.710','156.605'),(150,9,13,'Williams Mercedes',77,'17:27:20','1:17.060','155.894'),(151,9,14,'RB Honda RBPT',46,'16:46:52','1:17.172','155.667'),(152,9,9,'Aston Martin Aramco Mercedes',68,'17:16:00','1:17.939','154.135'),(153,10,6,'Mercedes',70,'15:49:04','1:14.856','209.73'),(154,10,7,'Mercedes',70,'15:49:03','1:14.895','209.621'),(155,10,2,'McLaren Mercedes',67,'15:45:15','1:15.558','207.782'),(156,10,1,'Red Bull Racing Honda RBPT',70,'15:48:59','1:15.569','207.751'),(157,10,4,'McLaren Mercedes',65,'15:42:46','1:16.247','205.904'),(158,10,9,'Aston Martin Aramco Mercedes',70,'15:49:16','1:16.303','205.753'),(159,10,17,'Haas Ferrari',68,'15:46:56','1:16.499','205.226'),(160,10,10,'Haas Ferrari',67,'15:45:39','1:16.683','204.733'),(161,10,11,'Aston Martin Aramco Mercedes',70,'15:49:23','1:16.762','204.523'),(162,10,18,'Alpine Renault',70,'15:49:29','1:17.012','203.859'),(163,10,15,'Alpine Renault',70,'15:49:29','1:17.013','203.856'),(164,10,14,'RB Honda RBPT',68,'15:46:53','1:17.076','203.689'),(165,10,22,'Kick Sauber Ferrari',65,'15:43:03','1:17.250','203.231'),(166,10,12,'RB Honda RBPT',70,'15:49:52','1:17.309','203.075'),(167,10,20,'Kick Sauber Ferrari',68,'15:48:35','1:17.325','203.033'),(168,10,8,'Red Bull Racing Honda RBPT',51,'15:21:42','1:18.819','199.185'),(169,10,5,'Ferrari',51,'15:21:38','1:18.957','198.837'),(170,10,13,'Williams Mercedes',51,'15:21:38','1:19.359','197.83'),(171,10,3,'Ferrari',39,'15:05:48','1:26.012','182.528'),(172,10,21,'Williams Mercedes',19,'14:33:21','1:26.484','181.531'),(173,11,2,'McLaren Mercedes',51,'16:12:04','1:17.115','217.405'),(174,11,1,'Red Bull Racing Honda RBPT',54,'16:15:52','1:17.776','215.557'),(175,11,8,'Red Bull Racing Honda RBPT',51,'16:12:50','1:17.785','215.532'),(176,11,6,'Mercedes',46,'16:05:37','1:17.809','215.466'),(177,11,4,'McLaren Mercedes',56,'16:19:02','1:17.874','215.286'),(178,11,3,'Ferrari',52,'16:13:37','1:17.897','215.222'),(179,11,7,'Mercedes',50,'16:10:50','1:18.290','214.142'),(180,11,9,'Aston Martin Aramco Mercedes',50,'16:11:50','1:18.334','214.022'),(181,11,5,'Ferrari',39,'15:56:24','1:18.539','213.463'),(182,11,10,'Haas Ferrari',49,'16:10:15','1:18.609','213.273'),(183,11,20,'Kick Sauber Ferrari',50,'16:11:49','1:18.771','212.834'),(184,11,18,'Alpine Renault',54,'16:16:49','1:18.982','212.266'),(185,11,15,'Alpine Renault',51,'16:12:41','1:19.045','212.096'),(186,11,13,'Williams Mercedes',45,'16:05:33','1:19.132','211.863'),(187,11,11,'Aston Martin Aramco Mercedes',50,'16:11:54','1:19.318','211.366'),(188,11,12,'RB Honda RBPT',56,'16:20:34','1:19.447','211.023'),(189,11,14,'RB Honda RBPT',61,'16:26:59','1:19.450','211.015'),(190,11,22,'Kick Sauber Ferrari',13,'15:21:30','1:19.608','210.596'),(191,11,17,'Haas Ferrari',33,'15:49:12','1:19.805','210.077'),(192,11,21,'Williams Mercedes',38,'15:56:13','1:20.172','209.115'),(193,12,9,'Aston Martin Aramco Mercedes',70,'16:28:12','1:07.694','229.633'),(194,12,1,'Red Bull Racing Honda RBPT',68,'16:24:27','1:07.719','229.548'),(195,12,2,'McLaren Mercedes',53,'16:05:58','1:08.016','228.546'),(196,12,4,'McLaren Mercedes',56,'16:09:45','1:08.697','226.28'),(197,12,7,'Mercedes',48,'16:00:20','1:09.164','224.752'),(198,12,5,'Ferrari',56,'16:09:41','1:09.282','224.369'),(199,12,6,'Mercedes',61,'16:15:51','1:09.562','223.466'),(200,12,3,'Ferrari',55,'16:09:32','1:09.584','223.396'),(201,12,15,'Alpine Renault',45,'15:57:30','1:09.609','223.315'),(202,12,18,'Alpine Renault',45,'15:57:32','1:09.649','223.187'),(203,12,8,'Red Bull Racing Honda RBPT',56,'16:10:20','1:09.694','223.043'),(204,12,17,'Haas Ferrari',45,'15:57:22','1:10.125','221.672'),(205,12,11,'Aston Martin Aramco Mercedes',54,'16:08:14','1:10.143','221.615'),(206,12,10,'Haas Ferrari',51,'16:04:25','1:10.215','221.388'),(207,12,12,'RB Honda RBPT',54,'16:08:20','1:10.318','221.064'),(208,12,13,'Williams Mercedes',41,'15:52:53','1:10.364','220.919'),(209,12,21,'Williams Mercedes',60,'16:16:27','1:10.406','220.788'),(210,12,14,'RB Honda RBPT',49,'16:02:08','1:10.426','220.725'),(211,12,22,'Kick Sauber Ferrari',48,'16:01:17','1:10.449','220.653'),(212,12,20,'Kick Sauber Ferrari',54,'16:08:56','1:10.470','220.587'),(213,13,5,'Ferrari',52,'16:26:26','1:28.293','240.195'),(214,13,4,'McLaren Mercedes',51,'16:24:22','1:28.748','238.964'),(215,13,1,'Red Bull Racing Honda RBPT',48,'16:19:43','1:28.952','238.416'),(216,13,2,'McLaren Mercedes',43,'16:12:14','1:29.262','237.588'),(217,13,6,'Mercedes',45,'16:15:11','1:29.438','237.12'),(218,13,8,'Red Bull Racing Honda RBPT',50,'16:25:57','1:29.707','236.409'),(219,13,9,'Aston Martin Aramco Mercedes',47,'16:19:09','1:29.710','236.401'),(220,13,13,'Williams Mercedes',52,'16:26:47','1:29.718','236.38'),(221,13,3,'Ferrari',43,'16:14:16','1:29.748','236.301'),(222,13,10,'Haas Ferrari',43,'16:13:02','1:29.836','236.07'),(223,13,11,'Aston Martin Aramco Mercedes',46,'16:17:35','1:29.897','235.909'),(224,13,21,'Williams Mercedes',42,'16:11:58','1:29.972','235.713'),(225,13,17,'Haas Ferrari',42,'16:11:57','1:30.093','235.396'),(226,13,12,'RB Honda RBPT',43,'16:13:16','1:30.229','235.041'),(227,13,14,'RB Honda RBPT',47,'16:19:36','1:30.735','233.731'),(228,13,18,'Alpine Renault',46,'16:19:38','1:30.875','233.371'),(229,13,20,'Kick Sauber Ferrari',43,'16:15:52','1:31.014','233.014'),(230,13,22,'Kick Sauber Ferrari',44,'16:15:37','1:31.277','232.343'),(231,13,7,'Mercedes',3,'15:07:50','1:31.298','232.289'),(232,14,7,'Mercedes',55,'16:21:05','1:20.305','196.396'),(233,14,21,'Williams Mercedes',65,'16:36:24','1:20.561','195.772'),(234,14,1,'Red Bull Racing Honda RBPT',51,'16:15:04','1:20.908','194.932'),(235,14,8,'Red Bull Racing Honda RBPT',49,'16:12:48','1:21.096','194.48'),(236,14,5,'Ferrari',53,'16:17:55','1:21.441','193.656'),(237,14,18,'Alpine Renault',66,'16:37:51','1:21.610','193.255'),(238,14,2,'McLaren Mercedes',50,'16:13:28','1:21.712','193.014'),(239,14,4,'McLaren Mercedes',51,'16:14:54','1:21.716','193.005'),(240,14,6,'Mercedes',54,'16:19:08','1:22.153','191.978'),(241,14,3,'Ferrari',29,'15:44:08','1:22.182','191.91'),(242,14,11,'Aston Martin Aramco Mercedes',48,'16:11:46','1:22.338','191.547'),(243,14,14,'RB Honda RBPT',30,'15:46:27','1:22.640','190.847'),(244,14,22,'Kick Sauber Ferrari',52,'16:17:42','1:22.792','190.496'),(245,14,9,'Aston Martin Aramco Mercedes',52,'16:17:11','1:23.063','189.875'),(246,14,15,'Alpine Renault',31,'15:47:47','1:23.340','189.244'),(247,14,10,'Haas Ferrari',54,'16:20:11','1:23.461','188.969'),(248,14,20,'Kick Sauber Ferrari',38,'15:58:12','1:23.487','188.91'),(249,14,12,'RB Honda RBPT',57,'16:24:04','1:23.533','188.806'),(250,14,17,'Haas Ferrari',50,'16:14:43','1:23.553','188.761'),(251,14,13,'Williams Mercedes',31,'15:47:56','1:23.930','187.913'),(252,15,8,'Red Bull Racing Honda RBPT',44,'16:24:32','1:44.701','240.822'),(253,15,2,'McLaren Mercedes',31,'16:00:48','1:45.563','238.856'),(254,15,4,'McLaren Mercedes',32,'16:02:30','1:45.840','238.231'),(255,15,1,'Red Bull Racing Honda RBPT',32,'16:02:34','1:46.128','237.584'),(256,15,5,'Ferrari',44,'16:24:09','1:46.364','237.057'),(257,15,6,'Mercedes',33,'16:04:12','1:46.653','236.415'),(258,15,18,'Alpine Renault',43,'16:22:54','1:46.957','235.743'),(259,15,3,'Ferrari',33,'16:04:15','1:47.013','235.619'),(260,15,22,'Kick Sauber Ferrari',37,'16:12:24','1:47.019','235.606'),(261,15,7,'Mercedes',44,'16:23:49','1:47.113','235.399'),(262,15,15,'Alpine Renault',30,'15:59:39','1:47.418','234.731'),(263,15,14,'RB Honda RBPT',37,'16:12:09','1:47.435','234.694'),(264,15,21,'Williams Mercedes',43,'16:23:27','1:47.490','234.574'),(265,15,17,'Haas Ferrari',44,'16:24:56','1:47.848','233.795'),(266,15,12,'RB Honda RBPT',44,'16:25:06','1:47.969','233.533'),(267,15,13,'Williams Mercedes',44,'16:24:53','1:47.996','233.475'),(268,15,9,'Aston Martin Aramco Mercedes',42,'16:21:03','1:48.051','233.356'),(269,15,11,'Aston Martin Aramco Mercedes',44,'16:24:52','1:48.105','233.239'),(270,15,10,'Haas Ferrari',44,'16:25:18','1:48.954','231.422'),(271,15,20,'Kick Sauber Ferrari',2,'15:07:45','1:52.099','224.929'),(272,16,2,'McLaren Mercedes',72,'16:33:57','1:13.817','207.708'),(273,16,6,'Mercedes',62,'16:22:19','1:13.878','207.536'),(274,16,7,'Mercedes',57,'16:16:05','1:13.927','207.399'),(275,16,5,'Ferrari',40,'15:54:32','1:14.117','206.867'),(276,16,4,'McLaren Mercedes',36,'15:49:27','1:14.237','206.533'),(277,16,13,'Williams Mercedes',71,'16:34:38','1:14.434','205.986'),(278,16,3,'Ferrari',62,'16:21:53','1:14.585','205.569'),(279,16,8,'Red Bull Racing Honda RBPT',69,'16:30:52','1:14.587','205.563'),(280,16,1,'Red Bull Racing Honda RBPT',30,'15:41:45','1:14.752','205.11'),(281,16,9,'Aston Martin Aramco Mercedes',34,'15:47:27','1:14.758','205.093'),(282,16,15,'Alpine Renault',54,'16:12:42','1:14.855','204.828'),(283,16,17,'Haas Ferrari',42,'15:58:02','1:14.954','204.557'),(284,16,14,'RB Honda RBPT',52,'16:10:22','1:15.222','203.828'),(285,16,11,'Aston Martin Aramco Mercedes',51,'16:09:02','1:15.255','203.739'),(286,16,18,'Alpine Renault',50,'16:08:00','1:15.390','203.374'),(287,16,21,'Williams Mercedes',26,'15:37:25','1:15.539','202.973'),(288,16,12,'RB Honda RBPT',16,'15:24:20','1:15.552','202.938'),(289,16,10,'Haas Ferrari',59,'16:18:59','1:15.657','202.656'),(290,16,20,'Kick Sauber Ferrari',67,'16:30:44','1:15.724','202.477'),(291,16,22,'Kick Sauber Ferrari',45,'16:02:05','1:15.822','202.215'),(292,17,2,'McLaren Mercedes',53,'16:18:21','1:21.432','256.1'),(293,17,6,'Mercedes',53,'16:18:37','1:21.512','255.849'),(294,17,1,'Red Bull Racing Honda RBPT',43,'16:05:04','1:21.745','255.12'),(295,17,4,'McLaren Mercedes',53,'16:18:17','1:21.943','254.503'),(296,17,7,'Mercedes',49,'16:13:25','1:22.036','254.215'),(297,17,11,'Aston Martin Aramco Mercedes',52,'16:18:58','1:22.232','253.609'),(298,17,9,'Aston Martin Aramco Mercedes',46,'16:09:39','1:22.944','251.432'),(299,17,8,'Red Bull Racing Honda RBPT',47,'16:10:46','1:22.971','251.35'),(300,17,5,'Ferrari',53,'16:18:30','1:23.219','250.601'),(301,17,3,'Ferrari',33,'15:50:23','1:23.226','250.58'),(302,17,10,'Haas Ferrari',44,'16:07:30','1:23.275','250.432'),(303,17,17,'Haas Ferrari',51,'16:16:25','1:23.437','249.946'),(304,17,22,'Kick Sauber Ferrari',52,'16:18:42','1:23.609','249.432'),(305,17,19,'Williams Mercedes',53,'16:19:36','1:23.728','249.077'),(306,17,15,'Alpine Renault',51,'16:17:09','1:23.755','248.997'),(307,17,13,'Williams Mercedes',53,'16:19:22','1:23.918','248.514'),(308,17,14,'RB Honda RBPT',52,'16:18:09','1:24.219','247.625'),(309,17,18,'Alpine Renault',52,'16:18:27','1:24.343','247.261'),(310,17,20,'Kick Sauber Ferrari',17,'15:28:46','1:25.092','245.085'),(311,17,12,'RB Honda RBPT',4,'15:09:30','1:26.198','241.94'),(312,18,2,'McLaren Mercedes',42,'16:20:47','1:45.255','205.318'),(313,18,7,'Mercedes',45,'16:25:56','1:46.628','202.674'),(314,18,1,'Red Bull Racing Honda RBPT',42,'16:20:38','1:46.798','202.352'),(315,18,5,'Ferrari',46,'16:27:29','1:46.866','202.223'),(316,18,13,'Williams Mercedes',43,'16:22:50','1:46.947','202.07'),(317,18,8,'Red Bull Racing Honda RBPT',46,'16:27:27','1:47.013','201.945'),(318,18,16,'Haas Ferrari',47,'16:30:11','1:47.048','201.879'),(319,18,9,'Aston Martin Aramco Mercedes',48,'16:31:45','1:47.057','201.862'),(320,18,4,'McLaren Mercedes',47,'16:29:13','1:47.060','201.856'),(321,18,3,'Ferrari',44,'16:23:51','1:47.067','201.843'),(322,18,6,'Mercedes',48,'16:31:57','1:47.236','201.525'),(323,18,19,'Williams Mercedes',44,'16:24:46','1:47.274','201.454'),(324,18,20,'Kick Sauber Ferrari',43,'16:23:44','1:47.644','200.761'),(325,18,10,'Haas Ferrari',42,'16:21:06','1:47.691','200.674'),(326,18,15,'Alpine Renault',47,'16:30:18','1:48.018','200.066'),(327,18,11,'Aston Martin Aramco Mercedes',31,'16:01:53','1:48.148','199.826'),(328,18,14,'RB Honda RBPT',39,'16:16:00','1:48.380','199.398'),(329,18,22,'Kick Sauber Ferrari',41,'16:20:05','1:48.418','199.328'),(330,18,18,'Alpine Renault',35,'16:08:59','1:48.831','198.572'),(331,18,12,'RB Honda RBPT',8,'15:19:19','1:50.887','194.89'),(332,19,14,'RB Honda RBPT',60,'21:44:39','1:34.486','188.218'),(333,19,2,'McLaren Mercedes',48,'21:22:12','1:34.925','187.347'),(334,19,3,'Ferrari',46,'21:20:00','1:35.371','186.471'),(335,19,4,'McLaren Mercedes',48,'21:22:55','1:35.745','185.743'),(336,19,1,'Red Bull Racing Honda RBPT',59,'21:40:21','1:35.967','185.313'),(337,19,12,'RB Honda RBPT',53,'21:31:58','1:36.393','184.494'),(338,19,5,'Ferrari',15,'20:29:18','1:36.561','184.173'),(339,19,13,'Williams Mercedes',13,'20:26:05','1:36.888','183.552'),(340,19,15,'Alpine Renault',46,'21:21:13','1:36.927','183.478'),(341,19,7,'Mercedes',30,'20:53:41','1:37.047','183.251'),(342,19,19,'Williams Mercedes',35,'21:02:23','1:37.262','182.846'),(343,19,6,'Mercedes',43,'21:15:00','1:37.393','182.6'),(344,19,17,'Haas Ferrari',52,'21:32:27','1:37.425','182.54'),(345,19,20,'Kick Sauber Ferrari',47,'21:22:47','1:37.461','182.472'),(346,19,10,'Haas Ferrari',35,'21:02:20','1:37.470','182.456'),(347,19,8,'Red Bull Racing Honda RBPT',33,'20:59:05','1:37.477','182.443'),(348,19,22,'Kick Sauber Ferrari',46,'21:21:10','1:37.524','182.355'),(349,19,9,'Aston Martin Aramco Mercedes',54,'21:33:20','1:37.741','181.95'),(350,19,11,'Aston Martin Aramco Mercedes',36,'21:04:26','1:37.851','181.745'),(351,19,18,'Alpine Renault',48,'21:24:08','1:37.964','181.536');
/*!40000 ALTER TABLE `fastest_lap_result` ENABLE KEYS */;

--
-- Table structure for table `result`
--

DROP TABLE IF EXISTS `result`;
/*!40101 SET @saved_cs_client     = @@character_set_client */;
/*!50503 SET character_set_client = utf8mb4 */;
CREATE TABLE `result` (
  `result_id` int NOT NULL AUTO_INCREMENT COMMENT 'Primary Key',
  `schedule_id` int DEFAULT NULL,
  `driver_id` int DEFAULT NULL,
  `type` varchar(20) CHARACTER SET utf8mb4 COLLATE utf8mb4_0900_ai_ci DEFAULT NULL,
  `car` varchar(50) CHARACTER SET utf8mb4 COLLATE utf8mb4_0900_ai_ci DEFAULT NULL,
  `laps` int unsigned DEFAULT NULL,
  `time_retired` varchar(20) CHARACTER SET utf8mb4 COLLATE utf8mb4_0900_ai_ci DEFAULT NULL,
  `pts` int unsigned DEFAULT NULL,
  PRIMARY KEY (`result_id`),
  KEY `schedule_id` (`schedule_id`),
  KEY `driver_id` (`driver_id`),
  CONSTRAINT `result_ibfk_1` FOREIGN KEY (`schedule_id`) REFERENCES `schedule` (`schedule_id`),
  CONSTRAINT `result_ibfk_2` FOREIGN KEY (`driver_id`) REFERENCES `driver` (`driver_id`)
) ENGINE=InnoDB AUTO_INCREMENT=420 DEFAULT CHARSET=utf8mb4 COLLATE=utf8mb4_0900_ai_ci;
/*!40101 SET character_set_client = @saved_cs_client */;

--
-- Dumping data for table `result`
--

/*!40000 ALTER TABLE `result` DISABLE KEYS */;
INSERT INTO `result` VALUES (1,2,1,'race','Red Bull Racing Honda RBPT',57,'1:31:44.742',26),(2,2,8,'race','Red Bull Racing Honda RBPT',57,'+22.457s',18),(3,2,5,'race','Ferrari',57,'+25.110s',15),(4,2,3,'race','Ferrari',57,'+39.669s',12),(5,2,7,'race','Mercedes',57,'+46.788s',10),(6,2,2,'race','McLaren Mercedes',57,'+48.458s',8),(7,2,6,'race','Mercedes',57,'+50.324s',6),(8,2,4,'race','McLaren Mercedes',57,'+56.082s',4),(9,2,9,'race','Aston Martin Aramco Mercedes',57,'+74.887s',2),(10,2,11,'race','Aston Martin Aramco Mercedes',57,'+93.216s',1),(11,2,20,'race','Kick Sauber Ferrari',56,'+1 lap',0),(12,2,17,'race','Haas Ferrari',56,'+1 lap',0),(13,2,14,'race','RB Honda RBPT',56,'+1 lap',0),(14,2,12,'race','RB Honda RBPT',56,'+1 lap',0),(15,2,13,'race','Williams Mercedes',56,'+1 lap',0),(16,2,10,'race','Haas Ferrari',56,'+1 lap',0),(17,2,18,'race','Alpine Renault',56,'+1 lap',0),(18,2,15,'race','Alpine Renault',56,'+1 lap',0),(19,2,22,'race','Kick Sauber Ferrari',56,'+1 lap',0),(20,2,21,'race','Williams Mercedes',55,'+2 laps',0),(21,3,1,'race','Red Bull Racing Honda RBPT',50,'1:20:43.273',25),(22,3,8,'race','Red Bull Racing Honda RBPT',50,'+13.643s',18),(23,3,3,'race','Ferrari',50,'+18.639s',16),(24,3,4,'race','McLaren Mercedes',50,'+32.007s',12),(25,3,9,'race','Aston Martin Aramco Mercedes',50,'+35.759s',10),(26,3,7,'race','Mercedes',50,'+39.936s',8),(27,3,16,'race','Ferrari',50,'+42.679s',6),(28,3,2,'race','McLaren Mercedes',50,'+45.708s',4),(29,3,6,'race','Mercedes',50,'+47.391s',2),(30,3,10,'race','Haas Ferrari',50,'+76.996s',1),(31,3,13,'race','Williams Mercedes',50,'+88.354s',0),(32,3,17,'race','Haas Ferrari',50,'+105.737s',0),(33,3,18,'race','Alpine Renault',49,'+1 lap',0),(34,3,21,'race','Williams Mercedes',49,'+1 lap',0),(35,3,12,'race','RB Honda RBPT',49,'+1 lap',0),(36,3,14,'race','RB Honda RBPT',49,'+1 lap',0),(37,3,22,'race','Kick Sauber Ferrari',49,'+1 lap',0),(38,3,20,'race','Kick Sauber Ferrari',49,'+1 lap',0),(39,3,11,'race','Aston Martin Aramco Mercedes',5,'DNF',0),(40,3,15,'race','Alpine Renault',1,'DNF',0),(41,4,5,'race','Ferrari',58,'1:20:26.843',25),(42,4,3,'race','Ferrari',58,'+2.366s',19),(43,4,2,'race','McLaren Mercedes',58,'+5.904s',15),(44,4,4,'race','McLaren Mercedes',58,'+35.770s',12),(45,4,8,'race','Red Bull Racing Honda RBPT',58,'+56.309s',10),(46,4,11,'race','Aston Martin Aramco Mercedes',58,'+93.222s',8),(47,4,12,'race','RB Honda RBPT',58,'+95.601s',6),(48,4,9,'race','Aston Martin Aramco Mercedes',58,'+100.992s',4),(49,4,10,'race','Haas Ferrari',58,'+104.553s',2),(50,4,17,'race','Haas Ferrari',57,'+1 lap',1),(51,4,13,'race','Williams Mercedes',57,'+1 lap',0),(52,4,14,'race','RB Honda RBPT',57,'+1 lap',0),(53,4,15,'race','Alpine Renault',57,'+1 lap',0),(54,4,22,'race','Kick Sauber Ferrari',57,'+1 lap',0),(55,4,20,'race','Kick Sauber Ferrari',57,'+1 lap',0),(56,4,18,'race','Alpine Renault',57,'+1 lap',0),(57,4,7,'race','Mercedes',56,'DNF',0),(58,4,6,'race','Mercedes',15,'DNF',0),(59,4,1,'race','Red Bull Racing Honda RBPT',3,'DNF',0),(60,5,1,'race','Red Bull Racing Honda RBPT',53,'1:54:23.566',26),(61,5,8,'race','Red Bull Racing Honda RBPT',53,'+12.535s',18),(62,5,5,'race','Ferrari',53,'+20.866s',15),(63,5,3,'race','Ferrari',53,'+26.522s',12),(64,5,2,'race','McLaren Mercedes',53,'+29.700s',10),(65,5,9,'race','Aston Martin Aramco Mercedes',53,'+44.272s',8),(66,5,7,'race','Mercedes',53,'+45.951s',6),(67,5,4,'race','McLaren Mercedes',53,'+47.525s',4),(68,5,6,'race','Mercedes',53,'+48.626s',2),(69,5,12,'race','RB Honda RBPT',52,'+1 lap',1),(70,5,10,'race','Haas Ferrari',52,'+1 lap',0),(71,5,11,'race','Aston Martin Aramco Mercedes',52,'+1 lap',0),(72,5,17,'race','Haas Ferrari',52,'+1 lap',0),(73,5,22,'race','Kick Sauber Ferrari',52,'+1 lap',0),(74,5,18,'race','Alpine Renault',52,'+1 lap',0),(75,5,15,'race','Alpine Renault',52,'+1 lap',0),(76,5,21,'race','Williams Mercedes',52,'+1 lap',0),(77,5,20,'race','Kick Sauber Ferrari',12,'DNF',0),(78,5,14,'race','RB Honda RBPT',0,'DNF',0),(79,5,13,'race','Williams Mercedes',0,'DNF',0),(80,6,1,'race','Red Bull Racing Honda RBPT',56,'1:40:52.554',25),(81,6,2,'race','McLaren Mercedes',56,'+13.773s',18),(82,6,8,'race','Red Bull Racing Honda RBPT',56,'+19.160s',15),(83,6,3,'race','Ferrari',56,'+23.623s',12),(84,6,5,'race','Ferrari',56,'+33.983s',10),(85,6,7,'race','Mercedes',56,'+38.724s',8),(86,6,9,'race','Aston Martin Aramco Mercedes',56,'+43.414s',7),(87,6,4,'race','McLaren Mercedes',56,'+56.198s',4),(88,6,6,'race','Mercedes',56,'+57.986s',2),(89,6,10,'race','Haas Ferrari',56,'+60.476s',1),(90,6,18,'race','Alpine Renault',56,'+62.812s',0),(91,6,13,'race','Williams Mercedes',56,'+65.506s',0),(92,6,15,'race','Alpine Renault',56,'+69.223s',0),(93,6,20,'race','Kick Sauber Ferrari',56,'+71.689s',0),(94,6,11,'race','Aston Martin Aramco Mercedes',56,'+82.786s',0),(95,6,17,'race','Haas Ferrari',56,'+87.533s',0),(96,6,21,'race','Williams Mercedes',56,'+95.110s',0),(97,6,14,'race','RB Honda RBPT',33,'DNF',0),(98,6,12,'race','RB Honda RBPT',26,'DNF',0),(99,6,22,'race','Kick Sauber Ferrari',19,'DNF',0),(100,6,1,'sprint','Red Bull Racing Honda RBPT',19,'32:04.660',8),(101,6,6,'sprint','Mercedes',19,'+13.043s',7),(102,6,8,'sprint','Red Bull Racing Honda RBPT',19,'+15.258s',6),(103,6,3,'sprint','Ferrari',19,'+17.486s',5),(104,6,5,'sprint','Ferrari',19,'+20.696s',4),(105,6,2,'sprint','McLaren Mercedes',19,'+22.088s',3),(106,6,4,'sprint','McLaren Mercedes',19,'+24.713s',2),(107,6,7,'sprint','Mercedes',19,'+25.696s',1),(108,6,20,'sprint','Kick Sauber Ferrari',19,'+31.951s',0),(109,6,17,'sprint','Haas Ferrari',19,'+37.398s',0),(110,6,14,'sprint','RB Honda RBPT',19,'+37.840s',0),(111,6,22,'sprint','Kick Sauber Ferrari',19,'+38.295s',0),(112,6,18,'sprint','Alpine Renault',19,'+39.841s',0),(113,6,11,'sprint','Aston Martin Aramco Mercedes',19,'+40.299s',0),(114,6,15,'sprint','Alpine Renault',19,'+40.838s',0),(115,6,12,'sprint','RB Honda RBPT',19,'+41.870s',0),(116,6,13,'sprint','Williams Mercedes',19,'+42.998s',0),(117,6,21,'sprint','Williams Mercedes',19,'+46.352s',0),(118,6,10,'sprint','Haas Ferrari',19,'+49.630s',0),(119,6,9,'sprint','Aston Martin Aramco Mercedes',17,'DNF',0),(120,7,2,'race','McLaren Mercedes',57,'1:30:49.876',25),(121,7,1,'race','Red Bull Racing Honda RBPT',57,'+7.612s',18),(122,7,3,'race','Ferrari',57,'+9.920s',15),(123,7,8,'race','Red Bull Racing Honda RBPT',57,'+14.650s',12),(124,7,5,'race','Ferrari',57,'+16.407s',10),(125,7,6,'race','Mercedes',57,'+16.585s',8),(126,7,12,'race','RB Honda RBPT',57,'+26.185s',6),(127,7,7,'race','Mercedes',57,'+34.789s',4),(128,7,9,'race','Aston Martin Aramco Mercedes',57,'+37.107s',2),(129,7,18,'race','Alpine Renault',57,'+39.746s',1),(130,7,10,'race','Haas Ferrari',57,'+40.789s',0),(131,7,15,'race','Alpine Renault',57,'+44.958s',0),(132,7,4,'race','McLaren Mercedes',57,'+49.756s',0),(133,7,20,'race','Kick Sauber Ferrari',57,'+49.979s',0),(134,7,14,'race','RB Honda RBPT',57,'+50.956s',0),(135,7,22,'race','Kick Sauber Ferrari',57,'+52.356s',0),(136,7,11,'race','Aston Martin Aramco Mercedes',57,'+55.173s',0),(137,7,13,'race','Williams Mercedes',57,'+76.091s',0),(138,7,17,'race','Haas Ferrari',57,'+84.683s',0),(139,7,21,'race','Williams Mercedes',27,'DNF',0),(140,7,1,'sprint','Red Bull Racing Honda RBPT',19,'31:31.383',8),(141,7,3,'sprint','Ferrari',19,'+3.371s',7),(142,7,8,'sprint','Red Bull Racing Honda RBPT',19,'+5.095s',6),(143,7,14,'sprint','RB Honda RBPT',19,'+14.971s',5),(144,7,5,'sprint','Ferrari',19,'+15.222s',4),(145,7,4,'sprint','McLaren Mercedes',19,'+15.750s',3),(146,7,10,'sprint','Haas Ferrari',19,'+22.054s',2),(147,7,12,'sprint','RB Honda RBPT',19,'+29.816s',1),(148,7,15,'sprint','Alpine Renault',19,'+31.880s',0),(149,7,21,'sprint','Williams Mercedes',19,'+34.355s',0),(150,7,20,'sprint','Kick Sauber Ferrari',19,'+35.078s',0),(151,7,7,'sprint','Mercedes',19,'+35.755s',0),(152,7,13,'sprint','Williams Mercedes',19,'+36.086s',0),(153,7,22,'sprint','Kick Sauber Ferrari',19,'+36.892s',0),(154,7,18,'sprint','Alpine Renault',19,'+37.740s',0),(155,7,6,'sprint','Mercedes',19,'+49.347s',0),(156,7,9,'sprint','Aston Martin Aramco Mercedes',19,'+59.409s',0),(157,7,17,'sprint','Haas Ferrari',19,'+66.303s',0),(158,7,11,'sprint','Aston Martin Aramco Mercedes',1,'DNF',0),(159,7,2,'sprint','McLaren Mercedes',0,'DNF',0),(160,8,1,'race','Red Bull Racing Honda RBPT',63,'1:25:25.252',25),(161,8,2,'race','McLaren Mercedes',63,'+0.725s',18),(162,8,3,'race','Ferrari',63,'+7.916s',15),(163,8,4,'race','McLaren Mercedes',63,'+14.132s',12),(164,8,5,'race','Ferrari',63,'+22.325s',10),(165,8,6,'race','Mercedes',63,'+35.104s',8),(166,8,7,'race','Mercedes',63,'+47.154s',7),(167,8,8,'race','Red Bull Racing Honda RBPT',63,'+54.776s',4),(168,8,11,'race','Aston Martin Aramco Mercedes',63,'+79.556s',2),(169,8,12,'race','RB Honda RBPT',62,'+1 lap',1),(170,8,10,'race','Haas Ferrari',62,'+1 lap',0),(171,8,17,'race','Haas Ferrari',62,'+1 lap',0),(172,8,14,'race','RB Honda RBPT',62,'+1 lap',0),(173,8,18,'race','Alpine Renault',62,'+1 lap',0),(174,8,20,'race','Kick Sauber Ferrari',62,'+1 lap',0),(175,8,15,'race','Alpine Renault',62,'+1 lap',0),(176,8,21,'race','Williams Mercedes',62,'+1 lap',0),(177,8,22,'race','Kick Sauber Ferrari',62,'+1 lap',0),(178,8,9,'race','Aston Martin Aramco Mercedes',62,'+1 lap',0),(179,8,13,'race','Williams Mercedes',51,'DNF',0),(180,9,3,'race','Ferrari',78,'2:23:15.554',25),(181,9,4,'race','McLaren Mercedes',78,'+7.152s',18),(182,9,5,'race','Ferrari',78,'+7.585s',15),(183,9,2,'race','McLaren Mercedes',78,'+8.650s',12),(184,9,7,'race','Mercedes',78,'+13.309s',10),(185,9,1,'race','Red Bull Racing Honda RBPT',78,'+13.853s',8),(186,9,6,'race','Mercedes',78,'+14.908s',7),(187,9,12,'race','RB Honda RBPT',77,'+1 lap',4),(188,9,13,'race','Williams Mercedes',77,'+1 lap',2),(189,9,15,'race','Alpine Renault',77,'+1 lap',1),(190,9,9,'race','Aston Martin Aramco Mercedes',76,'+2 laps',0),(191,9,14,'race','RB Honda RBPT',76,'+2 laps',0),(192,9,22,'race','Kick Sauber Ferrari',76,'+2 laps',0),(193,9,11,'race','Aston Martin Aramco Mercedes',76,'+2 laps',0),(194,9,21,'race','Williams Mercedes',76,'+2 laps',0),(195,9,20,'race','Kick Sauber Ferrari',76,'+2 laps',0),(196,9,18,'race','Alpine Renault',0,'DNF',0),(197,9,8,'race','Red Bull Racing Honda RBPT',0,'DNF',0),(198,9,10,'race','Haas Ferrari',0,'DNF',0),(199,9,17,'race','Haas Ferrari',0,'DNF',0),(200,10,1,'race','Red Bull Racing Honda RBPT',70,'1:45:47.927',25),(201,10,2,'race','McLaren Mercedes',70,'+3.879s',18),(202,10,7,'race','Mercedes',70,'+4.317s',15),(203,10,6,'race','Mercedes',70,'+4.915s',13),(204,10,4,'race','McLaren Mercedes',70,'+10.199s',10),(205,10,9,'race','Aston Martin Aramco Mercedes',70,'+17.510s',8),(206,10,11,'race','Aston Martin Aramco Mercedes',70,'+23.625s',6),(207,10,14,'race','RB Honda RBPT',70,'+28.672s',4),(208,10,15,'race','Alpine Renault',70,'+30.021s',2),(209,10,18,'race','Alpine Renault',70,'+30.313s',1),(210,10,10,'race','Haas Ferrari',70,'+30.824s',0),(211,10,17,'race','Haas Ferrari',70,'+31.253s',0),(212,10,22,'race','Kick Sauber Ferrari',70,'+40.487s',0),(213,10,12,'race','RB Honda RBPT',70,'+52.694s',0),(214,10,20,'race','Kick Sauber Ferrari',69,'+1 lap',0),(215,10,5,'race','Ferrari',52,'DNF',0),(216,10,13,'race','Williams Mercedes',52,'DNF',0),(217,10,8,'race','Red Bull Racing Honda RBPT',51,'DNF',0),(218,10,3,'race','Ferrari',40,'DNF',0),(219,10,21,'race','Williams Mercedes',23,'DNF',0),(220,11,1,'race','Red Bull Racing Honda RBPT',66,'1:28:20.227',25),(221,11,2,'race','McLaren Mercedes',66,'+2.219s',19),(222,11,6,'race','Mercedes',66,'+17.790s',15),(223,11,7,'race','Mercedes',66,'+22.320s',12),(224,11,3,'race','Ferrari',66,'+22.709s',10),(225,11,5,'race','Ferrari',66,'+31.028s',8),(226,11,4,'race','McLaren Mercedes',66,'+33.760s',6),(227,11,8,'race','Red Bull Racing Honda RBPT',66,'+59.524s',4),(228,11,15,'race','Alpine Renault',66,'+62.025s',2),(229,11,18,'race','Alpine Renault',66,'+71.889s',1),(230,11,10,'race','Haas Ferrari',66,'+79.215s',0),(231,11,9,'race','Aston Martin Aramco Mercedes',65,'+1 lap',0),(232,11,20,'race','Kick Sauber Ferrari',65,'+1 lap',0),(233,11,11,'race','Aston Martin Aramco Mercedes',65,'+1 lap',0),(234,11,14,'race','RB Honda RBPT',65,'+1 lap',0),(235,11,22,'race','Kick Sauber Ferrari',65,'+1 lap',0),(236,11,17,'race','Haas Ferrari',65,'+1 lap',0),(237,11,13,'race','Williams Mercedes',65,'+1 lap',0),(238,11,12,'race','RB Honda RBPT',65,'+1 lap',0),(239,11,21,'race','Williams Mercedes',64,'+2 laps',0),(240,12,7,'race','Mercedes',71,'1:24:22.798',25),(241,12,4,'race','McLaren Mercedes',71,'+1.906s',18),(242,12,5,'race','Ferrari',71,'+4.533s',15),(243,12,6,'race','Mercedes',71,'+23.142s',12),(244,12,1,'race','Red Bull Racing Honda RBPT',71,'+37.253s',10),(245,12,10,'race','Haas Ferrari',71,'+54.088s',8),(246,12,8,'race','Red Bull Racing Honda RBPT',71,'+54.672s',6),(247,12,17,'race','Haas Ferrari',71,'+60.355s',4),(248,12,14,'race','RB Honda RBPT',71,'+61.169s',2),(249,12,15,'race','Alpine Renault',71,'+61.766s',1),(250,12,3,'race','Ferrari',71,'+67.056s',0),(251,12,18,'race','Alpine Renault',71,'+68.325s',0),(252,12,11,'race','Aston Martin Aramco Mercedes',70,'+1 lap',0),(253,12,12,'race','RB Honda RBPT',70,'+1 lap',0),(254,12,13,'race','Williams Mercedes',70,'+1 lap',0),(255,12,22,'race','Kick Sauber Ferrari',70,'+1 lap',0),(256,12,20,'race','Kick Sauber Ferrari',70,'+1 lap',0),(257,12,9,'race','Aston Martin Aramco Mercedes',70,'+1 lap',0),(258,12,21,'race','Williams Mercedes',69,'+2 laps',0),(259,12,2,'race','McLaren Mercedes',64,'+7 laps',0),(260,12,1,'sprint','Red Bull Racing Honda RBPT',23,'26:41.389',8),(261,12,4,'sprint','McLaren Mercedes',23,'+4.616s',7),(262,12,2,'sprint','McLaren Mercedes',23,'+5.348s',6),(263,12,7,'sprint','Mercedes',23,'+8.354s',5),(264,12,5,'sprint','Ferrari',23,'+9.989s',4),(265,12,6,'sprint','Mercedes',23,'+11.207s',3),(266,12,3,'sprint','Ferrari',23,'+13.424s',2),(267,12,8,'sprint','Red Bull Racing Honda RBPT',23,'+17.409s',1),(268,12,17,'sprint','Haas Ferrari',23,'+24.067s',0),(269,12,11,'sprint','Aston Martin Aramco Mercedes',23,'+30.175s',0),(270,12,18,'sprint','Alpine Renault',23,'+30.839s',0),(271,12,15,'sprint','Alpine Renault',23,'+31.308s',0),(272,12,12,'sprint','RB Honda RBPT',23,'+35.452s',0),(273,12,14,'sprint','RB Honda RBPT',23,'+39.397s',0),(274,12,9,'sprint','Aston Martin Aramco Mercedes',23,'+43.155s',0),(275,12,21,'sprint','Williams Mercedes',23,'+44.076s',0),(276,12,13,'sprint','Williams Mercedes',23,'+44.673s',0),(277,12,22,'sprint','Kick Sauber Ferrari',23,'+46.511s',0),(278,12,10,'sprint','Haas Ferrari',23,'+48.423s',0),(279,12,20,'sprint','Kick Sauber Ferrari',23,'+53.143s',0),(280,13,6,'race','Mercedes',52,'1:22:27.059',25),(281,13,1,'race','Red Bull Racing Honda RBPT',52,'+1.465s',18),(282,13,2,'race','McLaren Mercedes',52,'+7.547s',15),(283,13,4,'race','McLaren Mercedes',52,'+12.429s',12),(284,13,5,'race','Ferrari',52,'+47.318s',11),(285,13,10,'race','Haas Ferrari',52,'+55.722s',8),(286,13,11,'race','Aston Martin Aramco Mercedes',52,'+56.569s',6),(287,13,9,'race','Aston Martin Aramco Mercedes',52,'+63.577s',4),(288,13,13,'race','Williams Mercedes',52,'+68.387s',2),(289,13,12,'race','RB Honda RBPT',52,'+79.303s',1),(290,13,21,'race','Williams Mercedes',52,'+88.960s',0),(291,13,17,'race','Haas Ferrari',52,'+90.153s',0),(292,13,14,'race','RB Honda RBPT',51,'+1 lap',0),(293,13,3,'race','Ferrari',51,'+1 lap',0),(294,13,22,'race','Kick Sauber Ferrari',51,'+1 lap',0),(295,13,18,'race','Alpine Renault',50,'+2 laps',0),(296,13,8,'race','Red Bull Racing Honda RBPT',50,'+2 laps',0),(297,13,20,'race','Kick Sauber Ferrari',50,'+2 laps',0),(298,13,7,'race','Mercedes',33,'DNF',0),(299,13,15,'race','Alpine Renault',0,'DNS',0),(300,14,4,'race','McLaren Mercedes',70,'1:38:01.989',25),(301,14,2,'race','McLaren Mercedes',70,'+2.141s',18),(302,14,6,'race','Mercedes',70,'+14.880s',15),(303,14,3,'race','Ferrari',70,'+19.686s',12),(304,14,1,'race','Red Bull Racing Honda RBPT',70,'+21.349s',10),(305,14,5,'race','Ferrari',70,'+23.073s',8),(306,14,8,'race','Red Bull Racing Honda RBPT',70,'+39.792s',6),(307,14,7,'race','Mercedes',70,'+42.368s',5),(308,14,12,'race','RB Honda RBPT',70,'+77.259s',2),(309,14,11,'race','Aston Martin Aramco Mercedes',70,'+77.976s',1),(310,14,9,'race','Aston Martin Aramco Mercedes',70,'+82.460s',0),(311,14,14,'race','RB Honda RBPT',69,'+1 lap',0),(312,14,10,'race','Haas Ferrari',69,'+1 lap',0),(313,14,13,'race','Williams Mercedes',69,'+1 lap',0),(314,14,17,'race','Haas Ferrari',69,'+1 lap',0),(315,14,22,'race','Kick Sauber Ferrari',69,'+1 lap',0),(316,14,21,'race','Williams Mercedes',69,'+1 lap',0),(317,14,18,'race','Alpine Renault',69,'+1 lap',0),(318,14,20,'race','Kick Sauber Ferrari',69,'+1 lap',0),(319,14,15,'race','Alpine Renault',33,'DNF',0),(320,15,7,'race','Mercedes',44,'1:19:57.040',0),(321,15,6,'race','Mercedes',44,'+0.526s',25),(322,15,4,'race','McLaren Mercedes',44,'+1.173s',18),(323,15,3,'race','Ferrari',44,'+8.549s',15),(324,15,1,'race','Red Bull Racing Honda RBPT',44,'+9.226s',12),(325,15,2,'race','McLaren Mercedes',44,'+9.850s',10),(326,15,5,'race','Ferrari',44,'+19.795s',8),(327,15,8,'race','Red Bull Racing Honda RBPT',44,'+43.195s',7),(328,15,9,'race','Aston Martin Aramco Mercedes',44,'+49.963s',4),(329,15,18,'race','Alpine Renault',44,'+52.552s',2),(330,15,14,'race','RB Honda RBPT',44,'+54.926s',1),(331,15,11,'race','Aston Martin Aramco Mercedes',44,'+63.011s',0),(332,15,13,'race','Williams Mercedes',44,'+63.651s',0),(333,15,15,'race','Alpine Renault',44,'+64.365s',0),(334,15,17,'race','Haas Ferrari',44,'+66.631s',0),(335,15,22,'race','Kick Sauber Ferrari',44,'+70.638s',0),(336,15,12,'race','RB Honda RBPT',44,'+76.737s',0),(337,15,21,'race','Williams Mercedes',44,'+86.057s',0),(338,15,10,'race','Haas Ferrari',44,'+88.833s',0),(339,15,20,'race','Kick Sauber Ferrari',5,'DNF',0),(340,16,2,'race','McLaren Mercedes',72,'1:30:45.519',26),(341,16,1,'race','Red Bull Racing Honda RBPT',72,'+22.896s',18),(342,16,3,'race','Ferrari',72,'+25.439s',15),(343,16,4,'race','McLaren Mercedes',72,'+27.337s',12),(344,16,5,'race','Ferrari',72,'+32.137s',10),(345,16,8,'race','Red Bull Racing Honda RBPT',72,'+39.542s',8),(346,16,7,'race','Mercedes',72,'+44.617s',6),(347,16,6,'race','Mercedes',72,'+49.599s',4),(348,16,15,'race','Alpine Renault',71,'+1 lap',2),(349,16,9,'race','Aston Martin Aramco Mercedes',71,'+1 lap',1),(350,16,10,'race','Haas Ferrari',71,'+1 lap',0),(351,16,14,'race','RB Honda RBPT',71,'+1 lap',0),(352,16,11,'race','Aston Martin Aramco Mercedes',71,'+1 lap',0),(353,16,13,'race','Williams Mercedes',71,'+1 lap',0),(354,16,18,'race','Alpine Renault',71,'+1 lap',0),(355,16,21,'race','Williams Mercedes',71,'+1 lap',0),(356,16,12,'race','RB Honda RBPT',71,'+1 lap',0),(357,16,17,'race','Haas Ferrari',71,'+1 lap',0),(358,16,22,'race','Kick Sauber Ferrari',70,'+2 laps',0),(359,16,20,'race','Kick Sauber Ferrari',70,'+2 laps',0),(360,17,3,'race','Ferrari',53,'1:14:40.727',25),(361,17,4,'race','McLaren Mercedes',53,'+2.664s',18),(362,17,2,'race','McLaren Mercedes',53,'+6.153s',16),(363,17,5,'race','Ferrari',53,'+15.621s',12),(364,17,6,'race','Mercedes',53,'+22.820s',10),(365,17,1,'race','Red Bull Racing Honda RBPT',53,'+37.932s',8),(366,17,7,'race','Mercedes',53,'+39.715s',6),(367,17,8,'race','Red Bull Racing Honda RBPT',53,'+54.148s',4),(368,17,13,'race','Williams Mercedes',53,'+67.456s',2),(369,17,17,'race','Haas Ferrari',53,'+68.302s',1),(370,17,9,'race','Aston Martin Aramco Mercedes',53,'+68.495s',0),(371,17,19,'race','Williams Mercedes',53,'+81.308s',0),(372,17,14,'race','RB Honda RBPT',53,'+93.452s',0),(373,17,18,'race','Alpine Renault',52,'+1 lap',0),(374,17,15,'race','Alpine Renault',52,'+1 lap',0),(375,17,22,'race','Kick Sauber Ferrari',52,'+1 lap',0),(376,17,10,'race','Haas Ferrari',52,'+1 lap',0),(377,17,20,'race','Kick Sauber Ferrari',52,'+1 lap',0),(378,17,11,'race','Aston Martin Aramco Mercedes',52,'+1 lap',0),(379,17,12,'race','RB Honda RBPT',7,'DNF',0),(380,18,4,'race','McLaren Mercedes',51,'1:32:58.007',25),(381,18,3,'race','Ferrari',51,'+10.910s',18),(382,18,7,'race','Mercedes',51,'+31.328s',15),(383,18,2,'race','McLaren Mercedes',51,'+36.143s',13),(384,18,1,'race','Red Bull Racing Honda RBPT',51,'+77.098s',10),(385,18,9,'race','Aston Martin Aramco Mercedes',51,'+85.468s',8),(386,18,13,'race','Williams Mercedes',51,'+87.396s',6),(387,18,19,'race','Williams Mercedes',51,'+89.541s',4),(388,18,6,'race','Mercedes',51,'+92.401s',2),(389,18,16,'race','Haas Ferrari',51,'+93.127s',1),(390,18,10,'race','Haas Ferrari',51,'+93.465s',0),(391,18,15,'race','Alpine Renault',51,'+117.189s',0),(392,18,14,'race','RB Honda RBPT',51,'+146.907s',0),(393,18,20,'race','Kick Sauber Ferrari',51,'+148.841s',0),(394,18,18,'race','Alpine Renault',50,'+1 lap',0),(395,18,22,'race','Kick Sauber Ferrari',50,'+1 lap',0),(396,18,8,'race','Red Bull Racing Honda RBPT',49,'DNF',0),(397,18,5,'race','Ferrari',49,'DNF',0),(398,18,11,'race','Aston Martin Aramco Mercedes',45,'DNF',0),(399,18,12,'race','RB Honda RBPT',14,'DNF',0),(400,19,2,'race','McLaren Mercedes',62,'1:40:52.571',25),(401,19,1,'race','Red Bull Racing Honda RBPT',62,'+20.945s',18),(402,19,4,'race','McLaren Mercedes',62,'+41.823s',15),(403,19,7,'race','Mercedes',62,'+61.040s',12),(404,19,3,'race','Ferrari',62,'+62.430s',10),(405,19,6,'race','Mercedes',62,'+85.248s',8),(406,19,5,'race','Ferrari',62,'+96.039s',6),(407,19,9,'race','Aston Martin Aramco Mercedes',61,'+1 lap',4),(408,19,10,'race','Haas Ferrari',61,'+1 lap',2),(409,19,8,'race','Red Bull Racing Honda RBPT',61,'+1 lap',1),(410,19,19,'race','Williams Mercedes',61,'+1 lap',0),(411,19,12,'race','RB Honda RBPT',61,'+1 lap',0),(412,19,18,'race','Alpine Renault',61,'+1 lap',0),(413,19,11,'race','Aston Martin Aramco Mercedes',61,'+1 lap',0),(414,19,20,'race','Kick Sauber Ferrari',61,'+1 lap',0),(415,19,22,'race','Kick Sauber Ferrari',61,'+1 lap',0),(416,19,15,'race','Alpine Renault',61,'+1 lap',0),(417,19,14,'race','RB Honda RBPT',61,'+1 lap',0),(418,19,17,'race','Haas Ferrari',57,'DNF',0),(419,19,13,'race','Williams Mercedes',15,'DNF',0);
/*!40000 ALTER TABLE `result` ENABLE KEYS */;

--
-- Table structure for table `schedule`
--

DROP TABLE IF EXISTS `schedule`;
/*!40101 SET @saved_cs_client     = @@character_set_client */;
/*!50503 SET character_set_client = utf8mb4 */;
CREATE TABLE `schedule` (
  `schedule_id` int NOT NULL AUTO_INCREMENT COMMENT 'Primary Key',
  `circuit_id` int NOT NULL,
  `year` int unsigned DEFAULT NULL,
  `month` varchar(255) DEFAULT NULL,
  `date` varchar(255) DEFAULT NULL,
  `round` varchar(10) CHARACTER SET utf8mb4 COLLATE utf8mb4_0900_ai_ci DEFAULT NULL,
  `grand_prix_title` varchar(100) CHARACTER SET utf8mb4 COLLATE utf8mb4_0900_ai_ci DEFAULT NULL,
  PRIMARY KEY (`schedule_id`),
  KEY `circuit_id` (`circuit_id`),
  CONSTRAINT `schedule_ibfk_1` FOREIGN KEY (`circuit_id`) REFERENCES `circuit` (`circuit_id`)
) ENGINE=InnoDB AUTO_INCREMENT=26 DEFAULT CHARSET=utf8mb4 COLLATE=utf8mb4_0900_ai_ci;
/*!40101 SET character_set_client = @saved_cs_client */;

--
-- Dumping data for table `schedule`
--

/*!40000 ALTER TABLE `schedule` DISABLE KEYS */;
INSERT INTO `schedule` VALUES (1,1,2024,'Feb','21-23','TESTING','FORMULA 1 ARAMCO PRE-SEASON TESTING 2024'),(2,2,2024,'Feb-Mar','29-02','ROUND 1','FORMULA 1 GULF AIR BAHRAIN GRAND PRIX 2024'),(3,3,2024,'Mar','07-09','ROUND 2','FORMULA 1 STC SAUDI ARABIAN GRAND PRIX 2024'),(4,4,2024,'Mar','22-24','ROUND 3','FORMULA 1 ROLEX AUSTRALIAN GRAND PRIX 2024'),(5,5,2024,'Apr','05-07','ROUND 4','FORMULA 1 MSC CRUISES JAPANESE GRAND PRIX 2024'),(6,6,2024,'Apr','19-21','ROUND 5','FORMULA 1 LENOVO CHINESE GRAND PRIX 2024'),(7,7,2024,'May','03-05','ROUND 6','FORMULA 1 CRYPTO.COM MIAMI GRAND PRIX 2024'),(8,8,2024,'May','17-19','ROUND 7','FORMULA 1 MSC CRUISES GRAN PREMIO DEL MADE IN ITALY E DELL\'EMILIA-ROMAGNA 2024'),(9,9,2024,'May','24-26','ROUND 8','FORMULA 1 GRAND PRIX DE MONACO 2024'),(10,10,2024,'Jun','07-09','ROUND 9','FORMULA 1 AWS GRAND PRIX DU CANADA 2024'),(11,11,2024,'Jun','21-23','ROUND 10','FORMULA 1 ARAMCO GRAN PREMIO DE ESPAÑA 2024'),(12,12,2024,'Jun','28-30','ROUND 11','FORMULA 1 QATAR AIRWAYS AUSTRIAN GRAND PRIX 2024'),(13,13,2024,'Jul','05-07','ROUND 12','FORMULA 1 QATAR AIRWAYS BRITISH GRAND PRIX 2024'),(14,14,2024,'Jul','19-21','ROUND 13','FORMULA 1 HUNGARIAN GRAND PRIX 2024'),(15,15,2024,'Jul','26-28','ROUND 14','FORMULA 1 ROLEX BELGIAN GRAND PRIX 2024'),(16,16,2024,'Aug','23-25','ROUND 15','FORMULA 1 HEINEKEN DUTCH GRAND PRIX 2024'),(17,17,2024,'Aug-Sep','30-01','ROUND 16','FORMULA 1 PIRELLI GRAN PREMIO D’ITALIA 2024'),(18,18,2024,'Sep','13-15','ROUND 17','FORMULA 1 QATAR AIRWAYS AZERBAIJAN GRAND PRIX 2024'),(19,19,2024,'Sep','20-22','ROUND 18','FORMULA 1 SINGAPORE AIRLINES SINGAPORE GRAND PRIX 2024'),(20,20,2024,'Oct','18-20','ROUND 19','FORMULA 1 PIRELLI UNITED STATES GRAND PRIX 2024'),(21,21,2024,'Oct','25-27','ROUND 20','FORMULA 1 GRAN PREMIO DE LA CIUDAD DE MÉXICO 2024'),(22,22,2024,'Nov','01-03','ROUND 21','FORMULA 1 LENOVO GRANDE PRÊMIO DE SÃO PAULO 2024'),(23,23,2024,'Nov','21-23','ROUND 22','FORMULA 1 HEINEKEN SILVER LAS VEGAS GRAND PRIX 2024'),(24,24,2024,'Nov-Dec','29-01','ROUND 23','FORMULA 1 QATAR AIRWAYS QATAR GRAND PRIX 2024'),(25,25,2024,'Dec','06-08','ROUND 24','FORMULA 1 ETIHAD AIRWAYS ABU DHABI GRAND PRIX 2024');
/*!40000 ALTER TABLE `schedule` ENABLE KEYS */;

--
-- Table structure for table `session`
--

DROP TABLE IF EXISTS `session`;
/*!40101 SET @saved_cs_client     = @@character_set_client */;
/*!50503 SET character_set_client = utf8mb4 */;
CREATE TABLE `session` (
  `session_id` int NOT NULL AUTO_INCREMENT COMMENT 'Primary Key',
  `schedule_id` int NOT NULL,
  `name` varchar(30) CHARACTER SET utf8mb4 COLLATE utf8mb4_0900_ai_ci DEFAULT NULL,
  `month` varchar(20) CHARACTER SET utf8mb4 COLLATE utf8mb4_0900_ai_ci DEFAULT NULL,
  `date` int unsigned DEFAULT NULL,
  PRIMARY KEY (`session_id`),
  KEY `schedule_id` (`schedule_id`),
  CONSTRAINT `session_ibfk_1` FOREIGN KEY (`schedule_id`) REFERENCES `schedule` (`schedule_id`)
) ENGINE=InnoDB AUTO_INCREMENT=94 DEFAULT CHARSET=utf8mb4 COLLATE=utf8mb4_0900_ai_ci;
/*!40101 SET character_set_client = @saved_cs_client */;

--
-- Dumping data for table `session`
--

/*!40000 ALTER TABLE `session` DISABLE KEYS */;
INSERT INTO `session` VALUES (1,1,'Day 1','Feb',21),(2,1,'Day 2','Feb',22),(3,1,'Day 3','Feb',23),(4,2,'Practice 1','Feb',29),(5,2,'Practice 2','Feb',29),(6,2,'Practice 3','Mar',1),(7,2,'Qualifying','Mar',1),(8,2,'Race','Mar',2),(9,3,'Practice 1','Mar',7),(10,3,'Practice 2','Mar',7),(11,3,'Practice 3','Mar',8),(12,3,'Qualifying','Mar',8),(13,3,'Race','Mar',9),(14,4,'Practice 1','Mar',22),(15,4,'Practice 2','Mar',22),(16,4,'Practice 3','Mar',23),(17,4,'Qualifying','Mar',23),(18,4,'Race','Mar',24),(19,5,'Practice 1','Apr',5),(20,5,'Practice 2','Apr',5),(21,5,'Practice 3','Apr',6),(22,5,'Qualifying','Apr',6),(23,5,'Race','Apr',7),(24,6,'Practice 1','Apr',19),(25,6,'Sprint Qualifying','Apr',19),(26,6,'Sprint','Apr',20),(27,6,'Qualifying','Apr',20),(28,6,'Race','Apr',21),(29,7,'Practice 1','May',3),(30,7,'Sprint Qualifying','May',3),(31,7,'Sprint','May',4),(32,7,'Qualifying','May',4),(33,7,'Race','May',5),(34,8,'Practice 1','May',17),(35,8,'Practice 2','May',17),(36,8,'Practice 3','May',18),(37,8,'Qualifying','May',18),(38,8,'Race','May',19),(39,9,'Practice 1','May',24),(40,9,'Practice 2','May',24),(41,9,'Practice 3','May',25),(42,9,'Qualifying','May',25),(43,9,'Race','May',26),(44,10,'Practice 1','Jun',7),(45,10,'Practice 2','Jun',7),(46,10,'Practice 3','Jun',8),(47,10,'Qualifying','Jun',8),(48,10,'Race','Jun',9),(49,11,'Practice 1','Jun',21),(50,11,'Practice 2','Jun',21),(51,11,'Practice 3','Jun',22),(52,11,'Qualifying','Jun',22),(53,11,'Race','Jun',23),(54,12,'Practice 1','Jun',28),(55,12,'Sprint Qualifying','Jun',28),(56,12,'Sprint','Jun',29),(57,12,'Qualifying','Jun',29),(58,12,'Race','Jun',30),(59,13,'Practice 1','Jul',5),(60,13,'Practice 2','Jul',5),(61,13,'Practice 3','Jul',6),(62,13,'Qualifying','Jul',6),(63,13,'Race','Jul',7),(64,14,'Practice 1','Jul',19),(65,14,'Practice 2','Jul',19),(66,14,'Practice 3','Jul',20),(67,14,'Qualifying','Jul',20),(68,14,'Race','Jul',21),(69,15,'Practice 1','Jul',26),(70,15,'Practice 2','Jul',26),(71,15,'Practice 3','Jul',27),(72,15,'Qualifying','Jul',27),(73,15,'Race','Jul',28),(74,16,'Practice 1','Aug',23),(75,16,'Practice 2','Aug',23),(76,16,'Practice 3','Aug',24),(77,16,'Qualifying','Aug',24),(78,16,'Race','Aug',25),(79,17,'Practice 1','Aug',30),(80,17,'Practice 2','Aug',30),(81,17,'Practice 3','Aug',31),(82,17,'Qualifying','Aug',31),(83,17,'Race','Sep',1),(84,18,'Practice 1','Sep',13),(85,18,'Practice 2','Sep',13),(86,18,'Practice 3','Sep',14),(87,18,'Qualifying','Sep',14),(88,18,'Race','Sep',15),(89,19,'Practice 1','Sep',20),(90,19,'Practice 2','Sep',20),(91,19,'Practice 3','Sep',21),(92,19,'Qualifying','Sep',21),(93,19,'Race','Sep',22);
/*!40000 ALTER TABLE `session` ENABLE KEYS */;

--
-- Table structure for table `team`
--

DROP TABLE IF EXISTS `team`;
/*!40101 SET @saved_cs_client     = @@character_set_client */;
/*!50503 SET character_set_client = utf8mb4 */;
CREATE TABLE `team` (
  `team_id` int NOT NULL AUTO_INCREMENT COMMENT 'Primary Key',
  `short_name` varchar(30) CHARACTER SET utf8mb4 COLLATE utf8mb4_0900_ai_ci DEFAULT NULL,
  `full_name` varchar(50) CHARACTER SET utf8mb4 COLLATE utf8mb4_0900_ai_ci DEFAULT NULL,
  `base` varchar(50) CHARACTER SET utf8mb4 COLLATE utf8mb4_0900_ai_ci DEFAULT NULL,
  `team_chief` varchar(50) CHARACTER SET utf8mb4 COLLATE utf8mb4_0900_ai_ci DEFAULT NULL,
  `technical_chief` varchar(100) CHARACTER SET utf8mb4 COLLATE utf8mb4_0900_ai_ci DEFAULT NULL,
  `chassis` varchar(10) CHARACTER SET utf8mb4 COLLATE utf8mb4_0900_ai_ci DEFAULT NULL,
  `power_unit` varchar(20) CHARACTER SET utf8mb4 COLLATE utf8mb4_0900_ai_ci DEFAULT NULL,
  `first_team_entry` int unsigned DEFAULT NULL,
  `world_championships` int unsigned DEFAULT NULL,
  `highest_race_finish` varchar(50) CHARACTER SET utf8mb4 COLLATE utf8mb4_0900_ai_ci DEFAULT NULL,
  `pole_positions` int unsigned DEFAULT NULL,
  `fastest_laps` int unsigned DEFAULT NULL,
  `car_png` varchar(255) CHARACTER SET utf8mb4 COLLATE utf8mb4_0900_ai_ci DEFAULT NULL,
  `small_logo_png` varchar(255) CHARACTER SET utf8mb4 COLLATE utf8mb4_0900_ai_ci DEFAULT NULL,
  `full_logo_avif` varchar(255) DEFAULT NULL,
  PRIMARY KEY (`team_id`)
) ENGINE=InnoDB AUTO_INCREMENT=11 DEFAULT CHARSET=utf8mb4 COLLATE=utf8mb4_0900_ai_ci;
/*!40101 SET character_set_client = @saved_cs_client */;

--
-- Dumping data for table `team`
--

/*!40000 ALTER TABLE `team` DISABLE KEYS */;
INSERT INTO `team` VALUES (1,'McLaren','McLaren Formula 1 Team','Woking, United Kingdom','Andrea Stella','Peter Prodromou / Neil Houldey','MCL38','Mercedes',1966,8,'1 (x188)',162,170,'../img/teams/car/mclaren-car.png','../img/teams/small logo/mclaren-small-logo.png','../img/teams/full logo/mclaren-full-logo.avif'),(2,'Red Bull Racing','Oracle Red Bull Racing','Milton Keynes, United Kingdom','Christian Horner','Pierre Waché','RB20','Honda RBPT',1997,6,'1 (x120)',105,98,'../img/teams/car/red-bull-racing-car.png','../img/teams/small logo/red-bull-racing-small-logo.png','../img/teams/full logo/red-bull-racing-full-logo.avif'),(3,'Ferrari','Scuderia Ferrari','Maranello, Italy','Frédéric Vasseur','Loic Serra / Enrico Gualtieri','SF-24','Ferrari',1950,16,'1 (x247)',252,262,'../img/teams/car/ferrari-car.png','../img/teams/small logo/ferrari-small-logo.png','../img/teams/full logo/ferrari-full-logo.avif'),(4,'Mercedes','Mercedes-AMG PETRONAS F1 Team','Brackley, United Kingdom','Toto Wolff','James Allison','W15','Mercedes',1970,8,'1 (x119)',131,100,'../img/teams/car/mercedes-car.png','../img/teams/small logo/mercedes-small-logo.png','../img/teams/full logo/mercedes-full-logo.avif'),(5,'Aston Martin','Aston Martin Aramco F1 Team','Silverstone, United Kingdom','Mike Krack','Dan Fallows','AMR24','Mercedes',2018,0,'1 (x1)',1,3,'../img/teams/car/aston-martin-car.png','../img/teams/small logo/aston-martin-small-logo.png','../img/teams/full logo/aston-martin-full-logo.avif'),(6,'RB','Visa Cash App RB Formula One Team','Faenza, Italy','Laurent Mekies','Jody Egginton','VCARB 01','Honda RBPT',1985,0,'1 (x2)',1,4,'../img/teams/car/rb-car.png','../img/teams/small logo/rb-small-logo.png','../img/teams/full logo/rb-full-logo.avif'),(7,'Haas','MoneyGram Haas F1 Team','Kannapolis, United States','Ayao Komatsu','Andrea De Zordo','VF-24','Ferrari',2016,0,'4 (x1)',1,2,'../img/teams/car/haas-car.png','../img/teams/small logo/haas-small-logo.png','../img/teams/full logo/haas-full-logo.avif'),(8,'Williams','Williams Racing','Grove, United Kingdom','James Vowles','Pat Fry','FW46','Mercedes',1978,9,'1 (x114)',128,133,'../img/teams/car/williams-car.png','../img/teams/small logo/williams-small-logo.png','../img/teams/full logo/williams-full-logo.avif'),(9,'Alpine','BWT Alpine F1 Team','Enstone, United Kingdom','Oliver Oakes','David Sanchez','A524','Renault',1986,2,'1 (x21)',20,15,'../img/teams/car/alpine-car.png','../img/teams/small logo/alpine-small-logo.png','../img/teams/full logo/alpine-full-logo.avif'),(10,'Kick Sauber','Stake F1 Team Kick Sauber','Hinwil, Switzerland','Alessandro Alunni Bravi','James Key','C44','Ferrari',1993,0,'1 (x1)',1,7,'../img/teams/car/kick-sauber-car.png','../img/teams/small logo/kick-sauber-small-logo.png','../img/teams/full logo/kick-sauber-full-logo.avif');
/*!40000 ALTER TABLE `team` ENABLE KEYS */;

--
-- Dumping routines for database 'formula_one'
--
/*!40103 SET TIME_ZONE=@OLD_TIME_ZONE */;

/*!40101 SET SQL_MODE=@OLD_SQL_MODE */;
/*!40014 SET FOREIGN_KEY_CHECKS=@OLD_FOREIGN_KEY_CHECKS */;
/*!40014 SET UNIQUE_CHECKS=@OLD_UNIQUE_CHECKS */;
/*!40101 SET CHARACTER_SET_CLIENT=@OLD_CHARACTER_SET_CLIENT */;
/*!40101 SET CHARACTER_SET_RESULTS=@OLD_CHARACTER_SET_RESULTS */;
/*!40101 SET COLLATION_CONNECTION=@OLD_COLLATION_CONNECTION */;
/*!40111 SET SQL_NOTES=@OLD_SQL_NOTES */;

-- Dump completed on 2024-10-08 15:58:00
